h,coef,se,t,pvalor,ci_low,ci_high,nobs,arquivo,h_ref,tipo,significativo_10pct,coef_iv,se_iv,t_iv,pvalor_iv,first_stage_f,first_stage_pvalue,metodo
0.0,0.51685725719315,0.1218917201056585,4.240298329904003,2.2322291004772407e-05,0.3163453776193418,0.7173691367669582,266.0,output_petroleo_lp_modelo5_lpiv_oil_supply_news\resumo_modelo5_resultados_horizontes.csv,0,LP_direta,True,,,,,,,
3.0,1.1937920329774203,0.3448459989760186,3.4618120451513184,0.0005365517216211,0.6265203646618699,1.7610637012929713,263.0,output_petroleo_lp_modelo5_lpiv_oil_supply_news\resumo_modelo5_resultados_horizontes.csv,3,LP_direta,True,,,,,,,
6.0,1.103309479637782,0.5697622425654163,1.9364383899326347,0.0528140314578691,0.1660505906176722,2.040568368657892,260.0,output_petroleo_lp_modelo5_lpiv_oil_supply_news\resumo_modelo5_resultados_horizontes.csv,6,LP_direta,True,,,,,,,
12.0,1.1178906062321496,0.7532435658917396,1.484102429615468,0.1377817487677421,-0.1211950596597619,2.356976272124061,254.0,output_petroleo_lp_modelo5_lpiv_oil_supply_news\resumo_modelo5_resultados_horizontes.csv,12,LP_direta,False,,,,,,,
18.0,0.8352184387014325,0.8934482624259796,0.9348257462984644,0.3498781088490942,-0.634503952989304,2.304940830392169,248.0,output_petroleo_lp_modelo5_lpiv_oil_supply_news\resumo_modelo5_resultados_horizontes.csv,18,LP_direta,False,,,,,,,
24.0,0.0906244981485967,0.940836230692968,0.0963233506450402,0.9232637661795362,-1.4570511013413354,1.6383000976385291,242.0,output_petroleo_lp_modelo5_lpiv_oil_supply_news\resumo_modelo5_resultados_horizontes.csv,24,LP_direta,False,,,,,,,
0.0,0.51685725719315,0.1218917201056585,4.240298329904003,2.2322291004772407e-05,0.3163453776193418,0.7173691367669582,266.0,output_petroleo_lp_modelo5_lpiv_oil_supply_news\A_lp_direta_oil_supply_news\lp_direta_acumulada_oil_supply_news_para_diesel.csv,0,LP_direta,True,,,,,,,
3.0,1.1937920329774203,0.3448459989760186,3.4618120451513184,0.0005365517216211,0.6265203646618699,1.7610637012929713,263.0,output_petroleo_lp_modelo5_lpiv_oil_supply_news\A_lp_direta_oil_supply_news\lp_direta_acumulada_oil_supply_news_para_diesel.csv,3,LP_direta,True,,,,,,,
6.0,1.103309479637782,0.5697622425654163,1.9364383899326347,0.0528140314578691,0.1660505906176722,2.040568368657892,260.0,output_petroleo_lp_modelo5_lpiv_oil_supply_news\A_lp_direta_oil_supply_news\lp_direta_acumulada_oil_supply_news_para_diesel.csv,6,LP_direta,True,,,,,,,
12.0,1.1178906062321496,0.7532435658917396,1.484102429615468,0.1377817487677421,-0.1211950596597619,2.356976272124061,254.0,output_petroleo_lp_modelo5_lpiv_oil_supply_news\A_lp_direta_oil_supply_news\lp_direta_acumulada_oil_supply_news_para_diesel.csv,12,LP_direta,False,,,,,,,
18.0,0.8352184387014325,0.8934482624259796,0.9348257462984644,0.3498781088490942,-0.634503952989304,2.304940830392169,248.0,output_petroleo_lp_modelo5_lpiv_oil_supply_news\A_lp_direta_oil_supply_news\lp_direta_acumulada_oil_supply_news_para_diesel.csv,18,LP_direta,False,,,,,,,
24.0,0.0906244981485967,0.940836230692968,0.0963233506450402,0.9232637661795362,-1.4570511013413354,1.6383000976385291,242.0,output_petroleo_lp_modelo5_lpiv_oil_supply_news\A_lp_direta_oil_supply_news\lp_direta_acumulada_oil_supply_news_para_diesel.csv,24,LP_direta,False,,,,,,,
0.0,0.5328699283242718,0.2379183628967403,2.239717530990008,0.0251092667125926,0.141494221359134,0.9242456352894096,266.0,output_petroleo_lp_modelo5_lpiv_oil_supply_news\A_lp_direta_oil_supply_news\lp_direta_acumulada_oil_supply_news_para_etanol.csv,0,LP_direta,True,,,,,,,
3.0,1.1276305415317736,0.5457926821905258,2.0660418842664865,0.0388245249149346,0.2298015793283586,2.0254595037351883,263.0,output_petroleo_lp_modelo5_lpiv_oil_supply_news\A_lp_direta_oil_supply_news\lp_direta_acumulada_oil_supply_news_para_etanol.csv,3,LP_direta,True,,,,,,,
6.0,1.2938622719988029,0.7113917854843069,1.818775952154068,0.0689456186543245,0.123622784877118,2.464101759120488,260.0,output_petroleo_lp_modelo5_lpiv_oil_supply_news\A_lp_direta_oil_supply_news\lp_direta_acumulada_oil_supply_news_para_etanol.csv,6,LP_direta,True,,,,,,,
12.0,-0.0494092026612371,1.1197987516208645,-0.0441232878583935,0.964806129832538,-1.8914781490775596,1.792659743755085,254.0,output_petroleo_lp_modelo5_lpiv_oil_supply_news\A_lp_direta_oil_supply_news\lp_direta_acumulada_oil_supply_news_para_etanol.csv,12,LP_direta,False,,,,,,,
18.0,0.3996111683061163,1.2593824077569855,0.3173072498430727,0.7510104768155367,-1.6720728924541253,2.471295229066358,248.0,output_petroleo_lp_modelo5_lpiv_oil_supply_news\A_lp_direta_oil_supply_news\lp_direta_acumulada_oil_supply_news_para_etanol.csv,18,LP_direta,False,,,,,,,
24.0,-0.1738677410530212,1.3130413716151452,-0.132416041726964,0.894655226939444,-2.333820797359935,1.9860853152538929,242.0,output_petroleo_lp_modelo5_lpiv_oil_supply_news\A_lp_direta_oil_supply_news\lp_direta_acumulada_oil_supply_news_para_etanol.csv,24,LP_direta,False,,,,,,,
0.0,0.4140100114202954,0.1650207112383206,2.5088366685220977,0.012112947813498,0.1425509414332579,0.6854690814073329,266.0,output_petroleo_lp_modelo5_lpiv_oil_supply_news\A_lp_direta_oil_supply_news\lp_direta_acumulada_oil_supply_news_para_gasolina.csv,0,LP_direta,True,,,,,,,
3.0,0.5867285105641386,0.3839928526179708,1.5279672696092257,0.1265206645814702,-0.0449397319924234,1.2183967531207005,263.0,output_petroleo_lp_modelo5_lpiv_oil_supply_news\A_lp_direta_oil_supply_news\lp_direta_acumulada_oil_supply_news_para_gasolina.csv,3,LP_direta,False,,,,,,,
6.0,0.1828193027650776,0.4537653095544604,0.402893960634811,0.6870262344042549,-0.5636246314520098,0.9292632369821652,260.0,output_petroleo_lp_modelo5_lpiv_oil_supply_news\A_lp_direta_oil_supply_news\lp_direta_acumulada_oil_supply_news_para_gasolina.csv,6,LP_direta,False,,,,,,,
12.0,-0.903926336601016,0.7565425699694487,-1.1948122584001044,0.2321603898255,-2.148438864200759,0.340586190998727,254.0,output_petroleo_lp_modelo5_lpiv_oil_supply_news\A_lp_direta_oil_supply_news\lp_direta_acumulada_oil_supply_news_para_gasolina.csv,12,LP_direta,False,,,,,,,
18.0,-0.7445062403846655,0.9035012898742664,-0.8240234394001507,0.4099262397899246,-2.230765862227834,0.7417533814585028,248.0,output_petroleo_lp_modelo5_lpiv_oil_supply_news\A_lp_direta_oil_supply_news\lp_direta_acumulada_oil_supply_news_para_gasolina.csv,18,LP_direta,False,,,,,,,
24.0,-0.7779634053342388,0.761922073064601,-1.0210537702433484,0.3072289641373336,-2.0313252155255075,0.4753984048570299,242.0,output_petroleo_lp_modelo5_lpiv_oil_supply_news\A_lp_direta_oil_supply_news\lp_direta_acumulada_oil_supply_news_para_gasolina.csv,24,LP_direta,False,,,,,,,
0.0,0.1862210664205925,0.145281371647631,1.2817958992860945,0.1999142530982244,-0.0527667899397605,0.4252089227809457,266.0,output_petroleo_lp_modelo5_lpiv_oil_supply_news\A_lp_direta_oil_supply_news\lp_direta_acumulada_oil_supply_news_para_gasolina_refinaria.csv,0,LP_direta,False,,,,,,,
3.0,0.4799381571616168,0.4390370978981872,1.093160827317865,0.274323192875854,-0.242277868880901,1.2021541832041347,263.0,output_petroleo_lp_modelo5_lpiv_oil_supply_news\A_lp_direta_oil_supply_news\lp_direta_acumulada_oil_supply_news_para_gasolina_refinaria.csv,3,LP_direta,False,,,,,,,
6.0,-0.1001271362821613,0.5827685489212577,-0.1718128688782247,0.8635846480732058,-1.0587813992576305,0.8585271266933077,260.0,output_petroleo_lp_modelo5_lpiv_oil_supply_news\A_lp_direta_oil_supply_news\lp_direta_acumulada_oil_supply_news_para_gasolina_refinaria.csv,6,LP_direta,False,,,,,,,
12.0,-0.3316649126301938,0.7500801949892382,-0.4421726034706894,0.658364309428356,-1.565546833387491,0.902217008127103,254.0,output_petroleo_lp_modelo5_lpiv_oil_supply_news\A_lp_direta_oil_supply_news\lp_direta_acumulada_oil_supply_news_para_gasolina_refinaria.csv,12,LP_direta,False,,,,,,,
18.0,0.8208726839232746,1.0032344003169402,0.8182262128012614,0.4132280300742201,-0.8294479045980921,2.471193272444641,248.0,output_petroleo_lp_modelo5_lpiv_oil_supply_news\A_lp_direta_oil_supply_news\lp_direta_acumulada_oil_supply_news_para_gasolina_refinaria.csv,18,LP_direta,False,,,,,,,
24.0,0.4006590710626375,1.2583633834152526,0.3183969561918048,0.7501838468464477,-1.669348694655453,2.4706668367807283,242.0,output_petroleo_lp_modelo5_lpiv_oil_supply_news\A_lp_direta_oil_supply_news\lp_direta_acumulada_oil_supply_news_para_gasolina_refinaria.csv,24,LP_direta,False,,,,,,,
0.0,0.014307139178377,0.0192480990930314,0.7433014091015786,0.4572992186662349,-0.0173559838296596,0.0459702621864138,266.0,output_petroleo_lp_modelo5_lpiv_oil_supply_news\A_lp_direta_oil_supply_news\lp_direta_acumulada_oil_supply_news_para_ipca_geral.csv,0,LP_direta,False,,,,,,,
3.0,0.0883796460502218,0.0517561911496026,1.7076149555665354,0.0877078115064236,0.0032407116091254,0.1735185804913182,263.0,output_petroleo_lp_modelo5_lpiv_oil_supply_news\A_lp_direta_oil_supply_news\lp_direta_acumulada_oil_supply_news_para_ipca_geral.csv,3,LP_direta,True,,,,,,,
6.0,0.0739962452038629,0.0723143189042801,1.0232585513501011,0.3061856156080781,-0.0449608093936778,0.1929532998014037,260.0,output_petroleo_lp_modelo5_lpiv_oil_supply_news\A_lp_direta_oil_supply_news\lp_direta_acumulada_oil_supply_news_para_ipca_geral.csv,6,LP_direta,False,,,,,,,
12.0,0.0205155919918147,0.11282999615916,0.1818274633535848,0.855718131132855,-0.1650897516900034,0.206120935673633,254.0,output_petroleo_lp_modelo5_lpiv_oil_supply_news\A_lp_direta_oil_supply_news\lp_direta_acumulada_oil_supply_news_para_ipca_geral.csv,12,LP_direta,False,,,,,,,
18.0,-0.0407832623837284,0.1432346447613823,-0.2847304327222661,0.7758506733432096,-0.2764042530162025,0.1948377282487455,248.0,output_petroleo_lp_modelo5_lpiv_oil_supply_news\A_lp_direta_oil_supply_news\lp_direta_acumulada_oil_supply_news_para_ipca_geral.csv,18,LP_direta,False,,,,,,,
24.0,0.0124479942210473,0.1267560183267606,0.0982043644583254,0.921770016882328,-0.1960656559264739,0.2209616443685687,242.0,output_petroleo_lp_modelo5_lpiv_oil_supply_news\A_lp_direta_oil_supply_news\lp_direta_acumulada_oil_supply_news_para_ipca_geral.csv,24,LP_direta,False,,,,,,,
0.0,0.1485663836709226,0.055874082657183,2.6589498494759303,0.0078384629817541,0.0566535176998564,0.2404792496419888,266.0,output_petroleo_lp_modelo5_lpiv_oil_supply_news\A_lp_direta_oil_supply_news\lp_direta_acumulada_oil_supply_news_para_ipca_transporte.csv,0,LP_direta,True,,,,,,,
3.0,0.239617311087968,0.1309948482463041,1.82921171554339,0.0673678980532982,0.0241307857227977,0.4551038364531382,263.0,output_petroleo_lp_modelo5_lpiv_oil_supply_news\A_lp_direta_oil_supply_news\lp_direta_acumulada_oil_supply_news_para_ipca_transporte.csv,3,LP_direta,True,,,,,,,
6.0,0.1777236311089612,0.1733386091354971,1.0252974337069722,0.3052228663276271,-0.1074183809189316,0.4628656431368541,260.0,output_petroleo_lp_modelo5_lpiv_oil_supply_news\A_lp_direta_oil_supply_news\lp_direta_acumulada_oil_supply_news_para_ipca_transporte.csv,6,LP_direta,False,,,,,,,
12.0,-0.0683915499294264,0.2686236490510379,-0.2545998841540276,0.7990321486687274,-0.5102774526183838,0.3734943527595309,254.0,output_petroleo_lp_modelo5_lpiv_oil_supply_news\A_lp_direta_oil_supply_news\lp_direta_acumulada_oil_supply_news_para_ipca_transporte.csv,12,LP_direta,False,,,,,,,
18.0,-0.1001827037236531,0.3690256090053185,-0.2714790011286431,0.7860226481535713,-0.7072298305374021,0.5068644230900958,248.0,output_petroleo_lp_modelo5_lpiv_oil_supply_news\A_lp_direta_oil_supply_news\lp_direta_acumulada_oil_supply_news_para_ipca_transporte.csv,18,LP_direta,False,,,,,,,
24.0,-0.0787587021141312,0.3315849516508931,-0.2375219433873819,0.8122518978461711,-0.6242159475798503,0.4666985433515879,242.0,output_petroleo_lp_modelo5_lpiv_oil_supply_news\A_lp_direta_oil_supply_news\lp_direta_acumulada_oil_supply_news_para_ipca_transporte.csv,24,LP_direta,False,,,,,,,
0.0,,,,,0.6060390630662251,1.3754176208672992,266.0,output_petroleo_lp_modelo5_lpiv_oil_supply_news\B_lpiv_oil_supply_news\lpiv_acumulada_petroleo_brl_iv_oil_supply_news_para_diesel.csv,0,LP_IV,True,0.9907283419667622,0.2338536649851289,4.2365311744409215,2.269994167982169e-05,132.0949694160739,1.7037059166152745e-24,2SLS_manual_aproximado
3.0,,,,,1.2489696107117767,3.4890709504920947,263.0,output_petroleo_lp_modelo5_lpiv_oil_supply_news\B_lpiv_oil_supply_news\lpiv_acumulada_petroleo_brl_iv_oil_supply_news_para_diesel.csv,3,LP_IV,True,2.369020280601936,0.6808818661946255,3.479341128354808,0.0005026483047135,130.3466085272875,3.4148631236445395e-24,2SLS_manual_aproximado
6.0,,,,,0.4459217545528631,4.046878122475789,260.0,output_petroleo_lp_modelo5_lpiv_oil_supply_news\B_lpiv_oil_supply_news\lpiv_acumulada_petroleo_brl_iv_oil_supply_news_para_diesel.csv,6,LP_IV,True,2.246399938514326,1.0945156133504337,2.052414703923544,0.0401293767383359,126.82197712609876,1.2126134188079097e-23,2SLS_manual_aproximado
12.0,,,,,0.0317479441559096,4.65655999777203,254.0,output_petroleo_lp_modelo5_lpiv_oil_supply_news\B_lpiv_oil_supply_news\lpiv_acumulada_petroleo_brl_iv_oil_supply_news_para_diesel.csv,12,LP_IV,True,2.34415397096397,1.4057179494273924,1.6675848607601844,0.0953981656361436,122.58963001208176,6.184203102625548e-23,2SLS_manual_aproximado
18.0,,,,,-0.7569548818094498,4.41335371822222,248.0,output_petroleo_lp_modelo5_lpiv_oil_supply_news\B_lpiv_oil_supply_news\lpiv_acumulada_petroleo_brl_iv_oil_supply_news_para_diesel.csv,18,LP_IV,False,1.8281994182063848,1.5715223708302948,1.163330189973992,0.244695561302809,116.65603643541132,5.493378181763075e-22,2SLS_manual_aproximado
24.0,,,,,-2.3912841351674783,3.134902780218106,242.0,output_petroleo_lp_modelo5_lpiv_oil_supply_news\B_lpiv_oil_supply_news\lpiv_acumulada_petroleo_brl_iv_oil_supply_news_para_diesel.csv,24,LP_IV,False,0.3718093225253137,1.6796920715457704,0.2213556453732312,0.8248155256432421,111.9878610970102,3.2457093930875682e-21,2SLS_manual_aproximado
0.0,,,,,0.3470035549859052,1.835965080569568,266.0,output_petroleo_lp_modelo5_lpiv_oil_supply_news\B_lpiv_oil_supply_news\lpiv_acumulada_petroleo_brl_iv_oil_supply_news_para_etanol.csv,0,LP_IV,True,1.0914843177777365,0.4525718922746695,2.411736867466144,0.0158767352161391,127.10254376451482,8.554565543425317e-24,2SLS_manual_aproximado
3.0,,,,,0.5801990223263116,4.144015862298878,263.0,output_petroleo_lp_modelo5_lpiv_oil_supply_news\B_lpiv_oil_supply_news\lpiv_acumulada_petroleo_brl_iv_oil_supply_news_para_etanol.csv,3,LP_IV,True,2.362107442312595,1.0832270030311753,2.18062090005396,0.0292114679636007,125.46620047070569,1.6540555902771758e-23,2SLS_manual_aproximado
6.0,,,,,0.5102861046661524,4.967132485423992,260.0,output_petroleo_lp_modelo5_lpiv_oil_supply_news\B_lpiv_oil_supply_news\lpiv_acumulada_petroleo_brl_iv_oil_supply_news_para_etanol.csv,6,LP_IV,True,2.738709295045072,1.3546645534218356,2.021688164887158,0.0432085773092117,121.87490970959092,6.055341471629095e-23,2SLS_manual_aproximado
12.0,,,,,-3.3471250010692906,3.580539394934126,254.0,output_petroleo_lp_modelo5_lpiv_oil_supply_news\B_lpiv_oil_supply_news\lpiv_acumulada_petroleo_brl_iv_oil_supply_news_para_etanol.csv,12,LP_IV,False,0.116707196932418,2.105673068694048,0.0554251268478257,0.955799778271332,117.21355766006826,3.5730799869398616e-22,2SLS_manual_aproximado
18.0,,,,,-3.0734277312971288,4.755319984299968,248.0,output_petroleo_lp_modelo5_lpiv_oil_supply_news\B_lpiv_oil_supply_news\lpiv_acumulada_petroleo_brl_iv_oil_supply_news_para_etanol.csv,18,LP_IV,False,0.8409461265014196,2.3795585761693303,0.3534042552779661,0.7237853961367597,110.73558745858624,3.860291097118272e-21,2SLS_manual_aproximado
24.0,,,,,-4.548371403505012,3.8949998776825487,242.0,output_petroleo_lp_modelo5_lpiv_oil_supply_news\B_lpiv_oil_supply_news\lpiv_acumulada_petroleo_brl_iv_oil_supply_news_para_etanol.csv,24,LP_IV,False,-0.3266857629112318,2.566374249601082,-0.1272946698876876,0.8987071788033911,108.06855446729,1.1826766670529392e-20,2SLS_manual_aproximado
0.0,,,,,0.3083860399790743,1.3369175838784493,266.0,output_petroleo_lp_modelo5_lpiv_oil_supply_news\B_lpiv_oil_supply_news\lpiv_acumulada_petroleo_brl_iv_oil_supply_news_para_gasolina.csv,0,LP_IV,True,0.8226518119287618,0.3126235695742781,2.6314452651443574,0.0085022561317006,128.4877317962079,5.4545954391455896e-24,2SLS_manual_aproximado
3.0,,,,,0.018107022334217,2.438695965107612,263.0,output_petroleo_lp_modelo5_lpiv_oil_supply_news\B_lpiv_oil_supply_news\lpiv_acumulada_petroleo_brl_iv_oil_supply_news_para_gasolina.csv,3,LP_IV,True,1.2284014937209145,0.7357413199919134,1.6696105823367593,0.0949964353134543,126.85769890222552,1.0524856991229288e-23,2SLS_manual_aproximado
6.0,,,,,-0.960926311816084,1.845052265196797,260.0,output_petroleo_lp_modelo5_lpiv_oil_supply_news\B_lpiv_oil_supply_news\lpiv_acumulada_petroleo_brl_iv_oil_supply_news_para_gasolina.csv,6,LP_IV,False,0.4420629766903565,0.8528810264476842,0.518317283398346,0.604236916083101,123.26448743983416,3.845397850505025e-23,2SLS_manual_aproximado
12.0,,,,,-3.841369028749682,0.7697911880349444,254.0,output_petroleo_lp_modelo5_lpiv_oil_supply_news\B_lpiv_oil_supply_news\lpiv_acumulada_petroleo_brl_iv_oil_supply_news_para_gasolina.csv,12,LP_IV,False,-1.535788920357369,1.4015684549497345,-1.0957644736749217,0.2731818593205275,118.68447692633144,2.204928086353301e-22,2SLS_manual_aproximado
18.0,,,,,-4.025948726465295,1.4788349551689732,248.0,output_petroleo_lp_modelo5_lpiv_oil_supply_news\B_lpiv_oil_supply_news\lpiv_acumulada_petroleo_brl_iv_oil_supply_news_para_gasolina.csv,18,LP_IV,False,-1.2735568856481607,1.6731865293721178,-0.7611565496681816,0.4465635672048946,112.50905845145964,2.1444648134633258e-21,2SLS_manual_aproximado
24.0,,,,,-3.767008387722061,0.95625712214654,242.0,output_petroleo_lp_modelo5_lpiv_oil_supply_news\B_lpiv_oil_supply_news\lpiv_acumulada_petroleo_brl_iv_oil_supply_news_para_gasolina.csv,24,LP_IV,False,-1.40537563278776,1.4356430121181156,-0.9789171966325392,0.3276208945337346,110.21453419736456,5.8145058867545075e-21,2SLS_manual_aproximado
0.0,,,,,-0.0942789400510843,0.8376084332180791,266.0,output_petroleo_lp_modelo5_lpiv_oil_supply_news\B_lpiv_oil_supply_news\lpiv_acumulada_petroleo_brl_iv_oil_supply_news_para_gasolina_refinaria.csv,0,LP_IV,False,0.3716647465834973,0.2832484417231499,1.3121510724735652,0.1894691665914621,129.22848039295238,4.2910652542000236e-24,2SLS_manual_aproximado
3.0,,,,,-0.4718124624333668,2.360350154101397,263.0,output_petroleo_lp_modelo5_lpiv_oil_supply_news\B_lpiv_oil_supply_news\lpiv_acumulada_petroleo_brl_iv_oil_supply_news_para_gasolina_refinaria.csv,3,LP_IV,False,0.9442688458340152,0.8608397010743963,1.0969160049838462,0.2726781115905988,127.59651535123272,8.28497226927736e-24,2SLS_manual_aproximado
6.0,,,,,-1.918795313234718,1.7004566918135802,260.0,output_petroleo_lp_modelo5_lpiv_oil_supply_news\B_lpiv_oil_supply_news\lpiv_acumulada_petroleo_brl_iv_oil_supply_news_para_gasolina_refinaria.csv,6,LP_IV,False,-0.1091693107105689,1.100076597279118,-0.0992379175964506,0.9209493695447108,123.94403480727289,3.081749193335343e-23,2SLS_manual_aproximado
12.0,,,,,-2.730152507900554,1.79410212740349,254.0,output_petroleo_lp_modelo5_lpiv_oil_supply_news\B_lpiv_oil_supply_news\lpiv_acumulada_petroleo_brl_iv_oil_supply_news_para_gasolina_refinaria.csv,12,LP_IV,False,-0.4680251902485319,1.3751533845908948,-0.3403439903453158,0.7335974927846514,119.2514381361577,1.8316173419198408e-22,2SLS_manual_aproximado
18.0,,,,,-1.243732903427886,4.736265348583331,248.0,output_petroleo_lp_modelo5_lpiv_oil_supply_news\B_lpiv_oil_supply_news\lpiv_acumulada_petroleo_brl_iv_oil_supply_news_para_gasolina_refinaria.csv,18,LP_IV,False,1.7462662225777223,1.8176286480277253,0.9607387210102366,0.3366835568440951,112.21390957953356,2.3643324943898958e-21,2SLS_manual_aproximado
24.0,,,,,-2.809200472242792,4.806636914929205,242.0,output_petroleo_lp_modelo5_lpiv_oil_supply_news\B_lpiv_oil_supply_news\lpiv_acumulada_petroleo_brl_iv_oil_supply_news_para_gasolina_refinaria.csv,24,LP_IV,False,0.9987182213432072,2.3148441906297865,0.4314407964846616,0.6661478915959993,108.18193486513674,1.1389925818582612e-20,2SLS_manual_aproximado
0.0,,,,,-0.0327993035583312,0.090896828874742,266.0,output_petroleo_lp_modelo5_lpiv_oil_supply_news\B_lpiv_oil_supply_news\lpiv_acumulada_petroleo_brl_iv_oil_supply_news_para_ipca_geral.csv,0,LP_IV,False,0.0290487626582054,0.0375976086422715,0.7726226137038268,0.4397457572783473,130.0566072925364,3.283480954800761e-24,2SLS_manual_aproximado
3.0,,,,,0.0020013188587983,0.3417599431465391,263.0,output_petroleo_lp_modelo5_lpiv_oil_supply_news\B_lpiv_oil_supply_news\lpiv_acumulada_petroleo_brl_iv_oil_supply_news_para_ipca_geral.csv,3,LP_IV,True,0.1718806310026687,0.1032700985677023,1.6643794611078664,0.09603662190665,128.04757902909287,7.160617793037126e-24,2SLS_manual_aproximado
6.0,,,,,-0.0858112252839751,0.3816731316410251,260.0,output_petroleo_lp_modelo5_lpiv_oil_supply_news\B_lpiv_oil_supply_news\lpiv_acumulada_petroleo_brl_iv_oil_supply_news_para_ipca_geral.csv,6,LP_IV,False,0.1479309531785249,0.1420925097036475,1.04108903056927,0.2978342300965342,125.34972633364944,1.9521834551160185e-23,2SLS_manual_aproximado
12.0,,,,,-0.3124360310867793,0.4121043702908271,254.0,output_petroleo_lp_modelo5_lpiv_oil_supply_news\B_lpiv_oil_supply_news\lpiv_acumulada_petroleo_brl_iv_oil_supply_news_para_ipca_geral.csv,12,LP_IV,False,0.0498341696020239,0.2202250460114305,0.2262874750378633,0.8209778392349074,120.5636416445132,1.1937413192176305e-22,2SLS_manual_aproximado
18.0,,,,,-0.5171749432114463,0.3707731642070543,248.0,output_petroleo_lp_modelo5_lpiv_oil_supply_news\B_lpiv_oil_supply_news\lpiv_acumulada_petroleo_brl_iv_oil_supply_news_para_ipca_geral.csv,18,LP_IV,False,-0.0732008895021959,0.2698930417685412,-0.2712218478198953,0.7862204104047328,113.8092602509042,1.396524534931434e-21,2SLS_manual_aproximado
24.0,,,,,-0.3960679250075806,0.3787941761115792,242.0,output_petroleo_lp_modelo5_lpiv_oil_supply_news\B_lpiv_oil_supply_news\lpiv_acumulada_petroleo_brl_iv_oil_supply_news_para_ipca_geral.csv,24,LP_IV,False,-0.0086368744480007,0.2355203954769482,-0.0366714501753037,0.9707469727851556,111.3903120440248,3.948837778616614e-21,2SLS_manual_aproximado
0.0,,,,,0.1149013527177922,0.475808947594293,266.0,output_petroleo_lp_modelo5_lpiv_oil_supply_news\B_lpiv_oil_supply_news\lpiv_acumulada_petroleo_brl_iv_oil_supply_news_para_ipca_transporte.csv,0,LP_IV,True,0.2953551501560426,0.1096983571053193,2.6924300231085287,0.0070933419395477,132.4296441720939,1.5302643910281775e-24,2SLS_manual_aproximado
3.0,,,,,0.0754169097817981,0.9239361041186408,263.0,output_petroleo_lp_modelo5_lpiv_oil_supply_news\B_lpiv_oil_supply_news\lpiv_acumulada_petroleo_brl_iv_oil_supply_news_para_ipca_transporte.csv,3,LP_IV,True,0.4996765069502193,0.2579085697072469,1.9374172309101796,0.0526943620170848,130.5780588528978,3.1704107033947994e-24,2SLS_manual_aproximado
6.0,,,,,-0.1619079178298152,0.9329081738556309,260.0,output_petroleo_lp_modelo5_lpiv_oil_supply_news\B_lpiv_oil_supply_news\lpiv_acumulada_petroleo_brl_iv_oil_supply_news_para_ipca_transporte.csv,6,LP_IV,False,0.3855001280129078,0.3327708485366097,1.1584552243929414,0.2466783139338731,126.6447127234412,1.2840292982091121e-23,2SLS_manual_aproximado
12.0,,,,,-0.8923180177632197,0.7887429867090636,254.0,output_petroleo_lp_modelo5_lpiv_oil_supply_news\B_lpiv_oil_supply_news\lpiv_acumulada_petroleo_brl_iv_oil_supply_news_para_ipca_transporte.csv,12,LP_IV,False,-0.051787515527078,0.5109607916329129,-0.1013532082600253,0.919270079527202,122.33291437737668,6.720169098304703e-23,2SLS_manual_aproximado
18.0,,,,,-1.2571227619692502,1.0161437761493208,248.0,output_petroleo_lp_modelo5_lpiv_oil_supply_news\B_lpiv_oil_supply_news\lpiv_acumulada_petroleo_brl_iv_oil_supply_news_para_ipca_transporte.csv,18,LP_IV,False,-0.1204894929099646,0.6909624735922708,-0.1743792137994808,0.8615674490270371,115.45909775519306,8.12408714151919e-22,2SLS_manual_aproximado
24.0,,,,,-1.1541997876292085,0.9119881662603504,242.0,output_petroleo_lp_modelo5_lpiv_oil_supply_news\B_lpiv_oil_supply_news\lpiv_acumulada_petroleo_brl_iv_oil_supply_news_para_ipca_transporte.csv,24,LP_IV,False,-0.121105810684429,0.6280206546776775,-0.1928373052421099,0.8470863864224184,113.59525593173848,1.91883519841277e-21,2SLS_manual_aproximado
