h,coef_pre2015,se_pre2015,pvalor_pre2015,ci_low_pre2015,ci_high_pre2015,coef_pos2015,se_pos2015,pvalor_pos2015,ci_low_pos2015,ci_high_pos2015,diff_pos_menos_pre,pvalor_wald_diff,nobs
0,0.33635910265733926,0.09000032227598673,0.00018599956010151417,0.1883085725133411,0.4844096328013374,0.3198640600859592,0.10610607606611422,0.002573448873633527,0.1453195649572013,0.49440855521471705,-0.01649504257138007,0.8901527409670117,269
1,0.6082851599468112,0.18491378806651376,0.0010034385309777292,0.30410197857739607,0.9124683413162263,0.4331540720265852,0.16354054199487303,0.008082506670258291,0.16412988044501903,0.7021782636081513,-0.17513108792022603,0.4553331500914186,268
2,0.6666954204540363,0.24423444270276673,0.0063385164949564836,0.26492976220798503,1.0684610787000874,0.3588287734541604,0.23315067103762552,0.12379394006361324,-0.024704080402733586,0.7423616273110545,-0.30786664699987587,0.3408079566043562,267
3,0.7657089728770896,0.26612639070876754,0.004011728534942421,0.327931060161167,1.203486885593012,0.1931223073533086,0.2801655125108668,0.49062502210910863,-0.2677499607270673,0.6539945754336844,-0.572586665523781,0.12237676120788306,266
4,0.891273862743543,0.3207413961970964,0.005456132594821343,0.3636542659993195,1.4188934594877667,-0.08569998545932611,0.2675311112159782,0.7487132407360453,-0.5257886634096103,0.35438869249095806,-0.9769738482028691,0.02272298820466001,265
5,0.942930600673047,0.41404204181879567,0.022763610306581177,0.26183144188112817,1.6240297594649657,-0.16601985596805155,0.3342165991718684,0.6193700846107028,-0.7158061616057751,0.383766449669672,-1.1089504566410986,0.047289741843711965,264
6,0.8893279572394133,0.4723217242853503,0.05971582031241088,0.11235872079001197,1.6662971936888145,-0.19932931477866567,0.4355075929230497,0.6471721300659282,-0.9157393051370825,0.5170806755797511,-1.088657272018079,0.1031318056897752,263
7,0.7020671062045368,0.5125198706546785,0.17073874932420174,-0.14102808102240938,1.545162293431483,-0.19641097568578902,0.45764897633660806,0.6677967077865883,-0.9492435417595093,0.5564215903879313,-0.8984780818903259,0.21814318249827058,262
8,0.6899396492198233,0.561974398798467,0.21955714747866784,-0.23450823680365496,1.6143875352433015,-0.08173786179815612,0.47994430092456086,0.8647687265661493,-0.8712462368190588,0.7077705132227465,-0.7716775110179794,0.3390479735386837,261
9,0.7216036255026037,0.6417200601064609,0.2608079622809325,-0.33402587337252454,1.777233124377732,-0.16377946469244942,0.48697202579137944,0.7366279702048921,-0.9648484471192686,0.6372895177343698,-0.8853830901950531,0.32393030701377384,260
10,0.9077349669466576,0.7527824675637487,0.22787931388084848,-0.330592192195709,2.1460621260890242,-0.07450790562691166,0.5210822094582249,0.8863005637660741,-0.9316881401856917,0.7826723289318683,-0.9822428725735692,0.33028574171310476,259
11,0.8861281417030655,0.8251353963231581,0.2828592247561218,-0.4712195852485297,2.2434758686546608,-0.028267218452681993,0.5271239749848723,0.9572336428626205,-0.8953861573027969,0.8388517203974329,-0.9143953601557475,0.3924182659001899,258
12,0.8164384510671485,0.8539844563426928,0.33905489437131764,-0.5883659796165812,2.2212428817508783,0.0817156313755013,0.5041810825380986,0.871246039505134,-0.7476622493996709,0.9110935121506735,-0.7347228196916472,0.5055942160319872,257
13,0.7892089660574766,0.8689148942182817,0.36373581032370494,-0.6401560349315969,2.21857396704655,0.12088176971733858,0.5096569791619693,0.8125151309270221,-0.717503961004101,0.9592675004387781,-0.668327196340138,0.5576677094312079,256
14,0.8478351730033513,0.9201460198845334,0.3568344650239307,-0.6658050297067062,2.361475375713409,0.11661221992334411,0.48818266413193157,0.8112063459706349,-0.6864482625736833,0.9196727024203716,-0.7312229530800072,0.5366789449851219,255
15,0.8109493346733009,1.0030207977413161,0.41879877884249517,-0.8390198776111643,2.460918546957766,0.05044495930720139,0.49474621235021005,0.9187874053789704,-0.7634125600088941,0.8643024786232969,-0.7605043753660995,0.544637594214316,254
16,0.8528299215724261,1.0411874175362035,0.41273302871587814,-0.8599233802746286,2.565583223419481,0.01155243380356761,0.43289207667375623,0.9787096712951656,-0.7005550323247614,0.7236598999318966,-0.8412774877688585,0.49983836914870305,253
17,0.8176889884581762,1.045363148290012,0.43409370908554046,-0.9019333904788938,2.537311367395246,-0.05261542861390908,0.3642262633831369,0.8851387523321396,-0.6517676318791693,0.5465367746513511,-0.8703044170720853,0.47496355791295386,252
18,0.7235637852793252,1.0200668347616966,0.47811985116952216,-0.9544461579036657,2.401573728462316,-0.15188575516013417,0.3300879776714125,0.645417749851424,-0.6948804784296078,0.3911089681093395,-0.8754495404394593,0.4579698772570777,251
19,0.6963492048756798,1.019281938920539,0.49449548303753454,-0.9803695846486068,2.373067994399966,-0.2745606827966017,0.3118287315169758,0.37859634603495784,-0.7875189461420269,0.2383975805488236,-0.9709098876722815,0.4059221946963074,250
20,0.6955752722728155,1.0180394746076953,0.4944490062220338,-0.9790996634568434,2.3702502080024743,-0.28156406855505994,0.33143569714210774,0.3955872820179508,-0.8267757903538271,0.26364765324370726,-0.9771393408278755,0.4036315518428315,249
21,0.6421998822118488,1.0175199323666102,0.5279474776680073,-1.0316204065312249,2.3160201709549226,-0.24248528791178953,0.3416588142101526,0.477871988335119,-0.8045140372874906,0.3195434614639115,-0.8846851701236382,0.44669645135874003,248
22,0.5933361883574996,0.9919599857984304,0.5497429961919089,-1.0384379882809185,2.2251103649959174,-0.14798862160636478,0.36476498231546534,0.6849560551363049,-0.7480270175153052,0.4520497743025757,-0.7413248099638643,0.5095495428077738,247
23,0.6275081361435829,0.9420105179341448,0.5053234853527961,-0.9220991658580854,2.1771154381452513,-0.17609102324683398,0.3569404109072949,0.6217762469952584,-0.7632579991893341,0.4110759526956661,-0.8035991593904169,0.4437290219126011,246
24,0.6086122078224152,0.8736774302932117,0.4860470585268829,-0.8285871650099179,2.0458115806547483,-0.3512115025709625,0.35037024675285,0.3161499361298873,-0.9275705584794007,0.22514755333747577,-0.9598237103933778,0.3167693631278534,245
