h,coef,se,t,pvalor,ci_low,ci_high,nobs,arquivo,h_ref
3.0,2.2320457438830705,0.5205178491480718,4.288125272814843,1.801874671373152e-05,1.3757938820344924,3.0882976057316487,266.0,output_petroleo_lp_modelo3\A_petroleo_para_combustiveis\lp_acumulada_Petroleo_para_diesel.csv,3
6.0,2.482717278805726,0.6673155905627082,3.720454480483808,0.0001988645843418,1.3849831323300712,3.580451425281381,263.0,output_petroleo_lp_modelo3\A_petroleo_para_combustiveis\lp_acumulada_Petroleo_para_diesel.csv,6
12.0,2.770504005740217,0.8138798949490296,3.4040698424105003,0.0006638977581424,1.431671578549064,4.109336432931372,257.0,output_petroleo_lp_modelo3\A_petroleo_para_combustiveis\lp_acumulada_Petroleo_para_diesel.csv,12
24.0,1.9105983393908388,1.0667257901492202,1.7910866663527207,0.0732793885020657,0.1558344145953716,3.6653622641863057,245.0,output_petroleo_lp_modelo3\A_petroleo_para_combustiveis\lp_acumulada_Petroleo_para_diesel.csv,24
3.0,2.2625643241630216,0.7811615485638033,2.896410260237254,0.0037745858133799,0.9775535767755652,3.5475750715504777,266.0,output_petroleo_lp_modelo3\A_petroleo_para_combustiveis\lp_acumulada_Petroleo_para_etanol.csv,3
6.0,2.5908590227855623,0.9293434009205488,2.7878381879284038,0.0053061039517044,1.0620891282712597,4.119628917299865,263.0,output_petroleo_lp_modelo3\A_petroleo_para_combustiveis\lp_acumulada_Petroleo_para_etanol.csv,6
12.0,1.580774846713257,1.1674758377029446,1.354010760362711,0.1757329447914628,-0.3397229063080869,3.501272599734601,257.0,output_petroleo_lp_modelo3\A_petroleo_para_combustiveis\lp_acumulada_Petroleo_para_etanol.csv,12
24.0,-0.8490957287063103,1.3189050742416908,-0.6437883554239118,0.519712685784437,-3.018694575833892,1.3205031184212712,245.0,output_petroleo_lp_modelo3\A_petroleo_para_combustiveis\lp_acumulada_Petroleo_para_etanol.csv,24
3.0,1.8937135124457196,0.5376408487351563,3.5222649411792912,0.0004278762974089,1.0092943162763874,2.778132708615052,266.0,output_petroleo_lp_modelo3\A_petroleo_para_combustiveis\lp_acumulada_Petroleo_para_gasolina.csv,3
6.0,1.3815396893443126,0.5480311979017258,2.520914310414958,0.0117050352320243,0.4800283687959735,2.2830510098926515,263.0,output_petroleo_lp_modelo3\A_petroleo_para_combustiveis\lp_acumulada_Petroleo_para_gasolina.csv,6
12.0,0.8739236727384684,0.8410401272365178,1.0390986641862132,0.298758852154505,-0.5095873365656033,2.25743468204254,257.0,output_petroleo_lp_modelo3\A_petroleo_para_combustiveis\lp_acumulada_Petroleo_para_gasolina.csv,12
24.0,-0.433037888061848,0.8055127703402685,-0.5375928278317949,0.5908581828283404,-1.75810639527159,0.8920306191478936,245.0,output_petroleo_lp_modelo3\A_petroleo_para_combustiveis\lp_acumulada_Petroleo_para_gasolina.csv,24
3.0,2.013839258008157,0.6785270517505112,2.967957213809993,0.0029978605749293,0.8976622578785656,3.1300162581377475,266.0,output_petroleo_lp_modelo3\A_petroleo_para_combustiveis\lp_acumulada_Petroleo_para_gasolina_refinaria.csv,3
6.0,1.548407236153187,0.7242632394581043,2.137906705456582,0.0325243159219077,0.3569942072446057,2.739820265061769,263.0,output_petroleo_lp_modelo3\A_petroleo_para_combustiveis\lp_acumulada_Petroleo_para_gasolina_refinaria.csv,6
12.0,1.767701310806315,0.8810243253312102,2.006416009162709,0.0448118816750823,0.3184162956364742,3.216986325976156,257.0,output_petroleo_lp_modelo3\A_petroleo_para_combustiveis\lp_acumulada_Petroleo_para_gasolina_refinaria.csv,12
24.0,1.6030677537640408,1.235448031813541,1.2975598426514652,0.1944386289105585,-0.4292442585692342,3.635379766097316,245.0,output_petroleo_lp_modelo3\A_petroleo_para_combustiveis\lp_acumulada_Petroleo_para_gasolina_refinaria.csv,24
3.0,0.0402910692681358,0.1807932486618773,0.222857156261896,0.8236466821511197,-0.2571138247806525,0.3376959633169241,266.0,output_petroleo_lp_modelo3\A_petroleo_para_combustiveis\lp_pontual_Petroleo_para_diesel.csv,3
6.0,0.0991293930469524,0.1580955581408744,0.6270219999389302,0.5306448142814653,-0.1609378000947859,0.3591965861886909,263.0,output_petroleo_lp_modelo3\A_petroleo_para_combustiveis\lp_pontual_Petroleo_para_diesel.csv,6
12.0,-0.0196335526127962,0.2282199285948962,-0.0860290892810108,0.9314432930396558,-0.3950553351514006,0.3557882299258081,257.0,output_petroleo_lp_modelo3\A_petroleo_para_combustiveis\lp_pontual_Petroleo_para_diesel.csv,12
24.0,-0.5093473789906767,0.2137685192394815,-2.3827052776656177,0.0171859472207216,-0.8609965931396237,-0.1576981648417296,245.0,output_petroleo_lp_modelo3\A_petroleo_para_combustiveis\lp_pontual_Petroleo_para_diesel.csv,24
3.0,0.0245565410010128,0.3625957525021727,0.0677242930496428,0.9460051106479092,-0.5719134718650613,0.621026553867087,266.0,output_petroleo_lp_modelo3\A_petroleo_para_combustiveis\lp_pontual_Petroleo_para_etanol.csv,3
6.0,0.5745742123223161,0.266395409119423,2.156847275340015,0.0310175661951702,0.1363537643208652,1.012794660323767,263.0,output_petroleo_lp_modelo3\A_petroleo_para_combustiveis\lp_pontual_Petroleo_para_etanol.csv,6
12.0,-0.1566767566932297,0.2802098932294455,-0.559140703019138,0.576065697903668,-0.6176220310556676,0.3042685176692081,257.0,output_petroleo_lp_modelo3\A_petroleo_para_combustiveis\lp_pontual_Petroleo_para_etanol.csv,12
24.0,-0.7856952790243708,0.2872327156039257,-2.7353962008554444,0.0062305233100485,-1.2581930961928285,-0.3131974618559129,245.0,output_petroleo_lp_modelo3\A_petroleo_para_combustiveis\lp_pontual_Petroleo_para_etanol.csv,24
3.0,-0.0241419347502917,0.1688734078194243,-0.142958770489825,0.8863227430431522,-0.3019386906132448,0.2536548211126613,266.0,output_petroleo_lp_modelo3\A_petroleo_para_combustiveis\lp_pontual_Petroleo_para_gasolina.csv,3
6.0,-0.2209502313785703,0.2156019321689785,-1.0248063602945825,0.3054545647412615,-0.5756154097965401,0.1337149470393993,263.0,output_petroleo_lp_modelo3\A_petroleo_para_combustiveis\lp_pontual_Petroleo_para_gasolina.csv,6
12.0,-0.2111597896345973,0.1946251400523723,-1.0849563914393363,0.277940970099497,-0.5313181450207498,0.1089985657515551,257.0,output_petroleo_lp_modelo3\A_petroleo_para_combustiveis\lp_pontual_Petroleo_para_gasolina.csv,12
24.0,-0.2668609043150124,0.1904277861916826,-1.4013758687841544,0.1611017044613437,-0.5801146126003305,0.0463928039703054,245.0,output_petroleo_lp_modelo3\A_petroleo_para_combustiveis\lp_pontual_Petroleo_para_gasolina.csv,24
3.0,0.0279765697210039,0.1662013752873402,0.1683293515028751,0.8663241841430098,-0.2454246926266707,0.3013778320686786,266.0,output_petroleo_lp_modelo3\A_petroleo_para_combustiveis\lp_pontual_Petroleo_para_gasolina_refinaria.csv,3
6.0,-0.1903594517719235,0.1490784519478732,-1.2769078916816536,0.2016347676818575,-0.4355935052261749,0.0548746016823279,263.0,output_petroleo_lp_modelo3\A_petroleo_para_combustiveis\lp_pontual_Petroleo_para_gasolina_refinaria.csv,6
12.0,-0.2791513604013094,0.203901012930881,-1.3690533283222923,0.1709826057681186,-0.6145685266726088,0.0562658058699898,257.0,output_petroleo_lp_modelo3\A_petroleo_para_combustiveis\lp_pontual_Petroleo_para_gasolina_refinaria.csv,12
24.0,-0.2676386010959182,0.2395477003643268,-1.1172664178736345,0.2638804296866472,-0.6616945681952359,0.1264173660033994,245.0,output_petroleo_lp_modelo3\A_petroleo_para_combustiveis\lp_pontual_Petroleo_para_gasolina_refinaria.csv,24
3.0,0.1279020022964762,0.0742609626854517,1.722331594841191,0.0850094674460649,0.0057427186789081,0.2500612859140443,266.0,output_petroleo_lp_modelo3\B_combustiveis_para_inflacao\lp_acumulada_diesel_para_ipca_geral.csv,3
6.0,0.130932664824191,0.1251438707568866,1.0462571121725184,0.2954423407787508,-0.0749290025708874,0.3367943322192696,263.0,output_petroleo_lp_modelo3\B_combustiveis_para_inflacao\lp_acumulada_diesel_para_ipca_geral.csv,6
12.0,0.1273334992758682,0.1523836362494917,0.8356113714689817,0.4033735694008304,-0.1233375823545456,0.3780045809062821,257.0,output_petroleo_lp_modelo3\B_combustiveis_para_inflacao\lp_acumulada_diesel_para_ipca_geral.csv,12
24.0,-0.0717203111801301,0.1391420062836182,-0.5154468668069943,0.6062407895260524,-0.3006089115166822,0.1571682891564219,245.0,output_petroleo_lp_modelo3\B_combustiveis_para_inflacao\lp_acumulada_diesel_para_ipca_geral.csv,24
3.0,0.3256666736929635,0.2273753975749484,1.4322863298594823,0.1520618937009096,-0.0483658553178266,0.6996992027037536,266.0,output_petroleo_lp_modelo3\B_combustiveis_para_inflacao\lp_acumulada_diesel_para_ipca_transporte.csv,3
6.0,0.0521249435976452,0.3821479412082129,0.1363999068864405,0.8915051472843132,-0.5765084196898651,0.6807583068851555,263.0,output_petroleo_lp_modelo3\B_combustiveis_para_inflacao\lp_acumulada_diesel_para_ipca_transporte.csv,6
12.0,0.2542932686616852,0.4044923849399688,0.628672573649131,0.5295634370949982,-0.4110967045645636,0.919683241887934,257.0,output_petroleo_lp_modelo3\B_combustiveis_para_inflacao\lp_acumulada_diesel_para_ipca_transporte.csv,12
24.0,-0.1209157201380025,0.3600123298859019,-0.3358654970965138,0.7369722964850385,-0.7131360028003112,0.4713045625243061,245.0,output_petroleo_lp_modelo3\B_combustiveis_para_inflacao\lp_acumulada_diesel_para_ipca_transporte.csv,24
3.0,0.170662200692429,0.0708479982839316,2.408850000369527,0.0160028736824015,0.0541172435153614,0.2872071578694967,266.0,output_petroleo_lp_modelo3\B_combustiveis_para_inflacao\lp_acumulada_etanol_para_ipca_geral.csv,3
6.0,0.2137550222042034,0.0957156654777705,2.233229233033403,0.0255338314902369,0.0563027524932707,0.371207291915136,263.0,output_petroleo_lp_modelo3\B_combustiveis_para_inflacao\lp_acumulada_etanol_para_ipca_geral.csv,6
12.0,0.2065284120360558,0.1399536699376679,1.4756912921828973,0.1400267846595717,-0.0236953750114078,0.4367521990835195,257.0,output_petroleo_lp_modelo3\B_combustiveis_para_inflacao\lp_acumulada_etanol_para_ipca_geral.csv,12
24.0,0.0653990403586664,0.1786642061742544,0.366044445941688,0.7143319105362692,-0.2285035787979821,0.3593016595153151,245.0,output_petroleo_lp_modelo3\B_combustiveis_para_inflacao\lp_acumulada_etanol_para_ipca_geral.csv,24
3.0,0.7642443397287667,0.2007868231787284,3.8062474799378743,0.0001410912063331,0.4339500155997584,1.094538663857775,266.0,output_petroleo_lp_modelo3\B_combustiveis_para_inflacao\lp_acumulada_etanol_para_ipca_transporte.csv,3
6.0,0.9690715362992844,0.2307250517006703,4.200114071516183,2.667805380245163e-05,0.5895288262516816,1.348614246346887,263.0,output_petroleo_lp_modelo3\B_combustiveis_para_inflacao\lp_acumulada_etanol_para_ipca_transporte.csv,6
12.0,0.8959873295439604,0.3333048907815791,2.688191365698013,0.0071840212616867,0.3477007842082626,1.4442738748796582,257.0,output_petroleo_lp_modelo3\B_combustiveis_para_inflacao\lp_acumulada_etanol_para_ipca_transporte.csv,12
24.0,0.5090192091410674,0.3230623778767282,1.5756065825012135,0.11511649819489,-0.0224184024661505,1.0404568207482852,245.0,output_petroleo_lp_modelo3\B_combustiveis_para_inflacao\lp_acumulada_etanol_para_ipca_transporte.csv,24
3.0,0.2739745570738621,0.0759412328879619,3.607718055855952,0.0003089018987227,0.1490512289731647,0.3988978851745595,266.0,output_petroleo_lp_modelo3\B_combustiveis_para_inflacao\lp_acumulada_gasolina_para_ipca_geral.csv,3
6.0,0.3158465666946887,0.0975426403289502,3.238035854161176,0.001203556828702,0.1553889233535655,0.4763042100358118,263.0,output_petroleo_lp_modelo3\B_combustiveis_para_inflacao\lp_acumulada_gasolina_para_ipca_geral.csv,6
12.0,0.3826360381238655,0.1295548470964796,2.95346755987382,0.0031422563277911,0.1695183146501565,0.5957537615975745,257.0,output_petroleo_lp_modelo3\B_combustiveis_para_inflacao\lp_acumulada_gasolina_para_ipca_geral.csv,12
24.0,0.2132607473048316,0.1659143498571796,1.285366500778312,0.1986642416502686,-0.0596683582102288,0.4861898528198922,245.0,output_petroleo_lp_modelo3\B_combustiveis_para_inflacao\lp_acumulada_gasolina_para_ipca_geral.csv,24
3.0,1.1772935452839863,0.1902053850159375,6.189591031743604,6.032050966138626e-10,0.8644056869327691,1.4901814036352037,266.0,output_petroleo_lp_modelo3\B_combustiveis_para_inflacao\lp_acumulada_gasolina_para_ipca_transporte.csv,3
6.0,1.3008842706178192,0.2193273915020253,5.931243980557743,3.0064807268749227e-09,0.9400907115969876,1.6616778296386507,263.0,output_petroleo_lp_modelo3\B_combustiveis_para_inflacao\lp_acumulada_gasolina_para_ipca_transporte.csv,6
12.0,1.2386930529334366,0.2688493564904435,4.607387085107146,4.077605000760102e-06,0.796435861506657,1.6809502443602162,257.0,output_petroleo_lp_modelo3\B_combustiveis_para_inflacao\lp_acumulada_gasolina_para_ipca_transporte.csv,12
24.0,0.8527296698917886,0.2393156462265683,3.56320066546957,0.0003663604072643,0.4590554318490836,1.2464039079344935,245.0,output_petroleo_lp_modelo3\B_combustiveis_para_inflacao\lp_acumulada_gasolina_para_ipca_transporte.csv,24
3.0,0.2462017552652741,0.1057241254069576,2.328718769888938,0.0198739690946749,0.0722855689708288,0.4201179415597194,266.0,output_petroleo_lp_modelo3\B_combustiveis_para_inflacao\lp_acumulada_gasolina_refinaria_para_ipca_geral.csv,3
6.0,0.2592160047068652,0.1416258601418225,1.8302872402489856,0.0672069983670041,0.026241464773567,0.4921905446401634,263.0,output_petroleo_lp_modelo3\B_combustiveis_para_inflacao\lp_acumulada_gasolina_refinaria_para_ipca_geral.csv,6
12.0,0.3109472505691294,0.2396472858736138,1.297520434815682,0.1944521786608145,-0.0832725346929653,0.7051670358312241,257.0,output_petroleo_lp_modelo3\B_combustiveis_para_inflacao\lp_acumulada_gasolina_refinaria_para_ipca_geral.csv,12
24.0,0.1737944465615776,0.225109752899204,0.7720431670474823,0.4400888611390797,-0.1965110969576129,0.5440999900807683,245.0,output_petroleo_lp_modelo3\B_combustiveis_para_inflacao\lp_acumulada_gasolina_refinaria_para_ipca_geral.csv,24
3.0,0.9815626213530668,0.2743036592830652,3.578379610095365,0.0003457310562275,0.5303331018324245,1.4327921408737092,266.0,output_petroleo_lp_modelo3\B_combustiveis_para_inflacao\lp_acumulada_gasolina_refinaria_para_ipca_transporte.csv,3
6.0,0.956711753718553,0.3290015406712317,2.9079248436547185,0.0036383576657305,0.4155042193143768,1.4979192881227292,263.0,output_petroleo_lp_modelo3\B_combustiveis_para_inflacao\lp_acumulada_gasolina_refinaria_para_ipca_transporte.csv,6
12.0,1.1032256461165404,0.5179302382422538,2.130066106703204,0.0331661560441058,0.2512304042080329,1.955220888025048,257.0,output_petroleo_lp_modelo3\B_combustiveis_para_inflacao\lp_acumulada_gasolina_refinaria_para_ipca_transporte.csv,12
24.0,0.9176648750789216,0.3320417892374274,2.7637029579513044,0.0057149538587151,0.3714561317833535,1.4638736183744896,245.0,output_petroleo_lp_modelo3\B_combustiveis_para_inflacao\lp_acumulada_gasolina_refinaria_para_ipca_transporte.csv,24
3.0,0.0026522258443423,0.0222703724873325,0.1190921187263891,0.9052023746519372,-0.0339825368973196,0.0392869885860043,266.0,output_petroleo_lp_modelo3\B_combustiveis_para_inflacao\lp_pontual_diesel_para_ipca_geral.csv,3
6.0,-0.0201529561245263,0.0289796924669701,-0.6954164937221415,0.4867943270394375,-0.0678245502326921,0.0275186379836395,263.0,output_petroleo_lp_modelo3\B_combustiveis_para_inflacao\lp_pontual_diesel_para_ipca_geral.csv,6
12.0,-0.0115781796066206,0.0182759347278112,-0.6335205164090258,0.5263937874006088,-0.0416420922338701,0.0184857330206289,257.0,output_petroleo_lp_modelo3\B_combustiveis_para_inflacao\lp_pontual_diesel_para_ipca_geral.csv,12
24.0,-0.0429288688554777,0.0160326088930099,-2.6775972109064807,0.0074152331241613,-0.069302510484479,-0.0165552272264764,245.0,output_petroleo_lp_modelo3\B_combustiveis_para_inflacao\lp_pontual_diesel_para_ipca_geral.csv,24
3.0,-0.102019752678799,0.0680834481352841,-1.4984516130276224,0.1340159552317103,-0.2140170248613415,0.0099775195037434,266.0,output_petroleo_lp_modelo3\B_combustiveis_para_inflacao\lp_pontual_diesel_para_ipca_transporte.csv,3
6.0,-0.0390559718110911,0.1056838981478223,-0.3695546104522257,0.7117143759885389,-0.2129059842642588,0.1347940406420765,263.0,output_petroleo_lp_modelo3\B_combustiveis_para_inflacao\lp_pontual_diesel_para_ipca_transporte.csv,6
12.0,0.0705929335197482,0.0839242056860179,0.8411510474564948,0.4002633205034793,-0.0674623848337511,0.2086482518732477,257.0,output_petroleo_lp_modelo3\B_combustiveis_para_inflacao\lp_pontual_diesel_para_ipca_transporte.csv,12
24.0,-0.1182247366023013,0.0521441907062596,-2.2672657299120567,0.0233739976333495,-0.2040019303140984,-0.0324475428905041,245.0,output_petroleo_lp_modelo3\B_combustiveis_para_inflacao\lp_pontual_diesel_para_ipca_transporte.csv,24
3.0,-0.0102279557335443,0.0228082184740864,-0.4484329078645422,0.6538407965601098,-0.0477474751234165,0.0272915636563278,266.0,output_petroleo_lp_modelo3\B_combustiveis_para_inflacao\lp_pontual_etanol_para_ipca_geral.csv,3
6.0,-1.060777618042694e-05,0.0157980191163532,-0.0006714624221112,0.9994642505404964,-0.0259983492225814,0.0259771336702205,263.0,output_petroleo_lp_modelo3\B_combustiveis_para_inflacao\lp_pontual_etanol_para_ipca_geral.csv,6
12.0,-0.01479626922545,0.0181692819563379,-0.8143562998805646,0.4154408656016771,-0.0446847380436259,0.0150921995927258,257.0,output_petroleo_lp_modelo3\B_combustiveis_para_inflacao\lp_pontual_etanol_para_ipca_geral.csv,12
24.0,-0.0274640224823095,0.0123047185370017,-2.231991117856289,0.0256155499798936,-0.0477052844756773,-0.0072227604889416,245.0,output_petroleo_lp_modelo3\B_combustiveis_para_inflacao\lp_pontual_etanol_para_ipca_geral.csv,24
3.0,-0.0289634447360932,0.0697746155600274,-0.4151000260427932,0.6780686803879159,-0.1437426873323384,0.0858157978601518,266.0,output_petroleo_lp_modelo3\B_combustiveis_para_inflacao\lp_pontual_etanol_para_ipca_transporte.csv,3
6.0,0.093797935995999,0.0540309922644866,1.7360024694132876,0.0825633979292616,0.0049169537209185,0.1826789182710795,263.0,output_petroleo_lp_modelo3\B_combustiveis_para_inflacao\lp_pontual_etanol_para_ipca_transporte.csv,6
12.0,-0.0364821339012568,0.0438853820932696,-0.8313049166057476,0.4058013978137931,-0.1086735874446854,0.0357093196421716,257.0,output_petroleo_lp_modelo3\B_combustiveis_para_inflacao\lp_pontual_etanol_para_ipca_transporte.csv,12
24.0,-0.0849330822632879,0.0460077540117684,-1.8460601715433156,0.0648834690627924,-0.160615837612647,-0.0092503269139288,245.0,output_petroleo_lp_modelo3\B_combustiveis_para_inflacao\lp_pontual_etanol_para_ipca_transporte.csv,24
3.0,-0.0064872351044899,0.0200811941727066,-0.3230502652729243,0.7466571749610262,-0.0395207995185923,0.0265463293096124,266.0,output_petroleo_lp_modelo3\B_combustiveis_para_inflacao\lp_pontual_gasolina_para_ipca_geral.csv,3
6.0,-0.0044651315595329,0.0150668679015512,-0.2963543311528776,0.7669594980629904,-0.0292501292575846,0.0203198661385187,263.0,output_petroleo_lp_modelo3\B_combustiveis_para_inflacao\lp_pontual_gasolina_para_ipca_geral.csv,6
12.0,-0.0021558757063409,0.0238778435029137,-0.0902877056748407,0.9280585896981188,-0.0414349282686341,0.0371231768559521,257.0,output_petroleo_lp_modelo3\B_combustiveis_para_inflacao\lp_pontual_gasolina_para_ipca_geral.csv,12
24.0,-0.0384137096552479,0.0139217919766416,-2.759250369471075,0.005793413025847,-0.0613150574568234,-0.0155123618536724,245.0,output_petroleo_lp_modelo3\B_combustiveis_para_inflacao\lp_pontual_gasolina_para_ipca_geral.csv,24
3.0,-0.0020639050881379,0.0510196599811001,-0.0404531329472316,0.9677318709206196,-0.0859912457570477,0.0818634355807717,266.0,output_petroleo_lp_modelo3\B_combustiveis_para_inflacao\lp_pontual_gasolina_para_ipca_transporte.csv,3
6.0,0.0452636502840154,0.0477772479475578,0.9473892329189526,0.3434404756190971,-0.0333299225897172,0.123857223157748,263.0,output_petroleo_lp_modelo3\B_combustiveis_para_inflacao\lp_pontual_gasolina_para_ipca_transporte.csv,6
12.0,-0.0875133666133638,0.0527213451404103,-1.6599228714725225,0.0969299696837276,-0.1742399793693388,-0.0007867538573888,257.0,output_petroleo_lp_modelo3\B_combustiveis_para_inflacao\lp_pontual_gasolina_para_ipca_transporte.csv,12
24.0,-0.1181353193018758,0.040577174572794,-2.9113737106053352,0.0035984334150543,-0.1848847714741221,-0.0513858671296296,245.0,output_petroleo_lp_modelo3\B_combustiveis_para_inflacao\lp_pontual_gasolina_para_ipca_transporte.csv,24
3.0,0.0167249974169716,0.0274317605369398,0.6096946418896304,0.5420641045807979,-0.0284002486662943,0.0618502435002376,266.0,output_petroleo_lp_modelo3\B_combustiveis_para_inflacao\lp_pontual_gasolina_refinaria_para_ipca_geral.csv,3
6.0,-0.0274061433246376,0.0327654869543217,-0.8364332678114775,0.4029112036425299,-0.0813053693644968,0.0264930827152215,263.0,output_petroleo_lp_modelo3\B_combustiveis_para_inflacao\lp_pontual_gasolina_refinaria_para_ipca_geral.csv,6
12.0,0.0495338379696177,0.0326884752945073,1.515330327381191,0.1296887717883854,-0.0042387038898467,0.1033063798290822,257.0,output_petroleo_lp_modelo3\B_combustiveis_para_inflacao\lp_pontual_gasolina_refinaria_para_ipca_geral.csv,12
24.0,-0.0345377666716533,0.0249091414296316,-1.3865498644030982,0.1655790651469252,-0.0755133043233972,0.0064377709800906,245.0,output_petroleo_lp_modelo3\B_combustiveis_para_inflacao\lp_pontual_gasolina_refinaria_para_ipca_geral.csv,24
3.0,0.0768878325990308,0.0782775507925285,0.9822462739389846,0.3259785356695411,-0.0518787384546787,0.2056544036527403,266.0,output_petroleo_lp_modelo3\B_combustiveis_para_inflacao\lp_pontual_gasolina_refinaria_para_ipca_transporte.csv,3
6.0,-0.0957019733764223,0.0750265276260129,-1.2755751386159166,0.2021057471718508,-0.2191206113212137,0.0277166645683689,263.0,output_petroleo_lp_modelo3\B_combustiveis_para_inflacao\lp_pontual_gasolina_refinaria_para_ipca_transporte.csv,6
12.0,0.0714761495541352,0.0949715961229641,0.7526055417831634,0.4516869864867127,-0.0847521260681408,0.2277044251764112,257.0,output_petroleo_lp_modelo3\B_combustiveis_para_inflacao\lp_pontual_gasolina_refinaria_para_ipca_transporte.csv,12
24.0,-0.0229946994284784,0.0844994345684641,-0.2721284414021421,0.7855232613894895,-0.161996269293602,0.1160068704366451,245.0,output_petroleo_lp_modelo3\B_combustiveis_para_inflacao\lp_pontual_gasolina_refinaria_para_ipca_transporte.csv,24
3.0,0.105980593455511,0.0790467490255412,1.340733107458562,0.1800071213337225,-0.0240513086915043,0.2360124956025264,266.0,output_petroleo_lp_modelo3\C_petroleo_para_inflacao_com_sem_canal\lp_acumulada_Petroleo_para_ipca_geral_controle_diesel.csv,3
6.0,0.0666486287842913,0.1086746718162862,0.6132857607976991,0.5396874068758328,-0.1121212063534994,0.2454184639220822,263.0,output_petroleo_lp_modelo3\C_petroleo_para_inflacao_com_sem_canal\lp_acumulada_Petroleo_para_ipca_geral_controle_diesel.csv,6
12.0,0.0830126826993072,0.1721017793829577,0.4823464521804211,0.6295598536582445,-0.2000947443856582,0.3661201097842727,257.0,output_petroleo_lp_modelo3\C_petroleo_para_inflacao_com_sem_canal\lp_acumulada_Petroleo_para_ipca_geral_controle_diesel.csv,12
24.0,-0.1813267686144161,0.2081340878893635,-0.8712016875909476,0.3836440386461018,-0.5237073431924191,0.1610538059635868,245.0,output_petroleo_lp_modelo3\C_petroleo_para_inflacao_com_sem_canal\lp_acumulada_Petroleo_para_ipca_geral_controle_diesel.csv,24
3.0,0.1282346049487177,0.0733827095774931,1.747477105806516,0.0805546127943089,0.0075200476937415,0.2489491622036939,266.0,output_petroleo_lp_modelo3\C_petroleo_para_inflacao_com_sem_canal\lp_acumulada_Petroleo_para_ipca_geral_controle_etanol.csv,3
6.0,0.0905724733138564,0.0960672783052862,0.9428025328877514,0.3457819159308438,-0.0674581994983394,0.2486031461260524,263.0,output_petroleo_lp_modelo3\C_petroleo_para_inflacao_com_sem_canal\lp_acumulada_Petroleo_para_ipca_geral_controle_etanol.csv,6
12.0,0.0900492600635167,0.1531288904486802,0.5880618595202055,0.556490772441268,-0.1618477647245623,0.3419462848515958,257.0,output_petroleo_lp_modelo3\C_petroleo_para_inflacao_com_sem_canal\lp_acumulada_Petroleo_para_ipca_geral_controle_etanol.csv,12
24.0,-0.2051696360854936,0.1907011648751546,-1.0758698627761978,0.2819854619166204,-0.518873052305123,0.1085337801341356,245.0,output_petroleo_lp_modelo3\C_petroleo_para_inflacao_com_sem_canal\lp_acumulada_Petroleo_para_ipca_geral_controle_etanol.csv,24
3.0,0.0614979777271274,0.080908829096295,0.7600898247326576,0.4472008944400337,-0.0715970461362779,0.1945930015905328,266.0,output_petroleo_lp_modelo3\C_petroleo_para_inflacao_com_sem_canal\lp_acumulada_Petroleo_para_ipca_geral_controle_gasolina.csv,3
6.0,0.0134887756839198,0.1090759992557307,0.1236640120279358,0.9015813071218624,-0.1659412430917572,0.1929187944595969,263.0,output_petroleo_lp_modelo3\C_petroleo_para_inflacao_com_sem_canal\lp_acumulada_Petroleo_para_ipca_geral_controle_gasolina.csv,6
12.0,-0.0081133390869921,0.1747398296776383,-0.0464309659793062,0.9629667558379768,-0.2955603589067073,0.2793336807327229,257.0,output_petroleo_lp_modelo3\C_petroleo_para_inflacao_com_sem_canal\lp_acumulada_Petroleo_para_ipca_geral_controle_gasolina.csv,12
24.0,-0.2742371684261084,0.1992986434228521,-1.3760112147088686,0.1688181612386126,-0.6020834368567003,0.0536091000044833,245.0,output_petroleo_lp_modelo3\C_petroleo_para_inflacao_com_sem_canal\lp_acumulada_Petroleo_para_ipca_geral_controle_gasolina.csv,24
3.0,0.0780499597668965,0.0775998607602357,1.0058002553387502,0.3145116644557836,-0.0496018111836912,0.2057017307174842,266.0,output_petroleo_lp_modelo3\C_petroleo_para_inflacao_com_sem_canal\lp_acumulada_Petroleo_para_ipca_geral_controle_gasolina_refinaria.csv,3
6.0,0.0483198259270281,0.1111075160270669,0.4348925046191917,0.6636404554120199,-0.134452037937497,0.2310916897915532,263.0,output_petroleo_lp_modelo3\C_petroleo_para_inflacao_com_sem_canal\lp_acumulada_Petroleo_para_ipca_geral_controle_gasolina_refinaria.csv,6
12.0,0.0405419137124623,0.1901074257432245,0.2132579174851475,0.8311257954877501,-0.2721848016351419,0.3532686290600667,257.0,output_petroleo_lp_modelo3\C_petroleo_para_inflacao_com_sem_canal\lp_acumulada_Petroleo_para_ipca_geral_controle_gasolina_refinaria.csv,12
24.0,-0.2128556297229889,0.2238143939391927,-0.9510363742772452,0.3415859113178009,-0.581030307752961,0.1553190483069831,245.0,output_petroleo_lp_modelo3\C_petroleo_para_inflacao_com_sem_canal\lp_acumulada_Petroleo_para_ipca_geral_controle_gasolina_refinaria.csv,24
3.0,0.1521524176317071,0.0719413588416918,2.1149505664262054,0.0344341607499657,0.0338088823371239,0.2704959529262902,266.0,output_petroleo_lp_modelo3\C_petroleo_para_inflacao_com_sem_canal\lp_acumulada_Petroleo_para_ipca_geral_sem_canal.csv,3
6.0,0.1206916016353629,0.0946668758106079,1.2749084682674066,0.2023416414012271,-0.035035409073087,0.2764186123438129,263.0,output_petroleo_lp_modelo3\C_petroleo_para_inflacao_com_sem_canal\lp_acumulada_Petroleo_para_ipca_geral_sem_canal.csv,6
12.0,0.1324473687634704,0.1529724779645825,0.865824823692375,0.3865862339347119,-0.1191923574882679,0.3840870950152087,257.0,output_petroleo_lp_modelo3\C_petroleo_para_inflacao_com_sem_canal\lp_acumulada_Petroleo_para_ipca_geral_sem_canal.csv,12
24.0,-0.1717791391410127,0.1894705168020039,-0.9066272792221354,0.3646039310350607,-0.4834581392803091,0.1398998609982837,245.0,output_petroleo_lp_modelo3\C_petroleo_para_inflacao_com_sem_canal\lp_acumulada_Petroleo_para_ipca_geral_sem_canal.csv,24
3.0,0.4791189626073781,0.19540430515254,2.451936574444251,0.0142089704746306,0.1576788806314498,0.8005590445833064,266.0,output_petroleo_lp_modelo3\C_petroleo_para_inflacao_com_sem_canal\lp_acumulada_Petroleo_para_ipca_transporte_controle_diesel.csv,3
6.0,0.5012634731796525,0.2199638684995344,2.278844596610253,0.0226763048165645,0.1394229094979182,0.8631040368613867,263.0,output_petroleo_lp_modelo3\C_petroleo_para_inflacao_com_sem_canal\lp_acumulada_Petroleo_para_ipca_transporte_controle_diesel.csv,6
12.0,0.5310810287005076,0.3293986337257915,1.6122745340304203,0.1069022123426896,-0.0107797237784194,1.0729417811794346,257.0,output_petroleo_lp_modelo3\C_petroleo_para_inflacao_com_sem_canal\lp_acumulada_Petroleo_para_ipca_transporte_controle_diesel.csv,12
24.0,0.1684815792798687,0.3936320703722401,0.4280179181552542,0.6686380750970492,-0.4790431764824662,0.8160063350422037,245.0,output_petroleo_lp_modelo3\C_petroleo_para_inflacao_com_sem_canal\lp_acumulada_Petroleo_para_ipca_transporte_controle_diesel.csv,24
3.0,0.560825400452725,0.1802937331010574,3.1106206012073283,0.0018669464130102,0.2642422095014854,0.8574085914039646,266.0,output_petroleo_lp_modelo3\C_petroleo_para_inflacao_com_sem_canal\lp_acumulada_Petroleo_para_ipca_transporte_controle_etanol.csv,3
6.0,0.4776522581050692,0.2030324286218714,2.35259096956699,0.0186431289669274,0.1436639130220907,0.8116406031880478,263.0,output_petroleo_lp_modelo3\C_petroleo_para_inflacao_com_sem_canal\lp_acumulada_Petroleo_para_ipca_transporte_controle_etanol.csv,6
12.0,0.5085079555393331,0.3270380818599448,1.5548891207021678,0.1199724788473234,-0.029469689120276,1.0464856001989422,257.0,output_petroleo_lp_modelo3\C_petroleo_para_inflacao_com_sem_canal\lp_acumulada_Petroleo_para_ipca_transporte_controle_etanol.csv,12
24.0,0.0991073696589142,0.3681644341773418,0.2691932203618968,0.7877809971479183,-0.506523124562813,0.7047378638806414,245.0,output_petroleo_lp_modelo3\C_petroleo_para_inflacao_com_sem_canal\lp_acumulada_Petroleo_para_ipca_transporte_controle_etanol.csv,24
3.0,0.2886327482986148,0.1929459506604082,1.4959253993706183,0.1346730965872826,-0.0287633405377567,0.6060288371349863,266.0,output_petroleo_lp_modelo3\C_petroleo_para_inflacao_com_sem_canal\lp_acumulada_Petroleo_para_ipca_transporte_controle_gasolina.csv,3
6.0,0.1799458087171908,0.2204531725798138,0.8162541124330723,0.4143548134499313,-0.1826996601766029,0.5425912776109847,263.0,output_petroleo_lp_modelo3\C_petroleo_para_inflacao_com_sem_canal\lp_acumulada_Petroleo_para_ipca_transporte_controle_gasolina.csv,6
12.0,0.2338040749695138,0.3313922815430937,0.7055205808681767,0.4804863287071271,-0.3113362281688754,0.7789443781079031,257.0,output_petroleo_lp_modelo3\C_petroleo_para_inflacao_com_sem_canal\lp_acumulada_Petroleo_para_ipca_transporte_controle_gasolina.csv,12
24.0,-0.1981172058093719,0.3823675262956161,-0.5181329275755584,0.6043655277752016,-0.8271117865656603,0.4308773749469166,245.0,output_petroleo_lp_modelo3\C_petroleo_para_inflacao_com_sem_canal\lp_acumulada_Petroleo_para_ipca_transporte_controle_gasolina.csv,24
3.0,0.3579916807121793,0.1592698647984255,2.247705058111648,0.0245950032643892,0.0959927531187693,0.6199906083055893,266.0,output_petroleo_lp_modelo3\C_petroleo_para_inflacao_com_sem_canal\lp_acumulada_Petroleo_para_ipca_transporte_controle_gasolina_refinaria.csv,3
6.0,0.3216818985149014,0.1846204992881064,1.7423953448035374,0.0814392899361986,0.0179811771859663,0.6253826198438365,263.0,output_petroleo_lp_modelo3\C_petroleo_para_inflacao_com_sem_canal\lp_acumulada_Petroleo_para_ipca_transporte_controle_gasolina_refinaria.csv,6
12.0,0.2925230226100648,0.3001980568772173,0.9744334312254004,0.329841376913338,-0.2013027809529577,0.7863488261730873,257.0,output_petroleo_lp_modelo3\C_petroleo_para_inflacao_com_sem_canal\lp_acumulada_Petroleo_para_ipca_transporte_controle_gasolina_refinaria.csv,12
24.0,-0.1000514118171167,0.3992543958232986,-0.2505956424369523,0.8021267510774035,-0.756824892946443,0.5567220693122095,245.0,output_petroleo_lp_modelo3\C_petroleo_para_inflacao_com_sem_canal\lp_acumulada_Petroleo_para_ipca_transporte_controle_gasolina_refinaria.csv,24
3.0,0.661591882625518,0.1841561167056973,3.5925599130808017,0.0003274453360646,0.3586550706446459,0.9645286946063902,266.0,output_petroleo_lp_modelo3\C_petroleo_para_inflacao_com_sem_canal\lp_acumulada_Petroleo_para_ipca_transporte_sem_canal.csv,3
6.0,0.6073830120772236,0.210885420160642,2.8801564926325844,0.0039747782421163,0.2604764959129675,0.9542895282414796,263.0,output_petroleo_lp_modelo3\C_petroleo_para_inflacao_com_sem_canal\lp_acumulada_Petroleo_para_ipca_transporte_sem_canal.csv,6
12.0,0.6535036993173116,0.337938507649067,1.933794712723132,0.0531383731360394,0.0975948542345963,1.2094125444000268,257.0,output_petroleo_lp_modelo3\C_petroleo_para_inflacao_com_sem_canal\lp_acumulada_Petroleo_para_ipca_transporte_sem_canal.csv,12
24.0,0.1911454246452311,0.3665325618625669,0.521496435879828,0.6020209877787602,-0.4118006396186913,0.7940914889091537,245.0,output_petroleo_lp_modelo3\C_petroleo_para_inflacao_com_sem_canal\lp_acumulada_Petroleo_para_ipca_transporte_sem_canal.csv,24
3.0,0.4791989000450682,0.1976863270064787,2.4240366407807428,0.01534905675216,0.1540048921194106,0.8043929079707257,137.0,output_petroleo_lp_modelo3\D_regimes\2003_2014_contencao\lp_acumulada_GasolinaA_para_IPCA_Transporte_2003_2014_contencao.csv,3
6.0,0.8500514904284665,0.2050507819383759,4.145565710078262,3.38975770607759e-05,0.5127429541398381,1.187360026717095,134.0,output_petroleo_lp_modelo3\D_regimes\2003_2014_contencao\lp_acumulada_GasolinaA_para_IPCA_Transporte_2003_2014_contencao.csv,6
12.0,0.8972819906050284,0.2984987654913029,3.0059822496357085,0.0026472445063143,0.4062515213718352,1.3883124598382215,128.0,output_petroleo_lp_modelo3\D_regimes\2003_2014_contencao\lp_acumulada_GasolinaA_para_IPCA_Transporte_2003_2014_contencao.csv,12
3.0,0.5033930761568312,0.1410587921918006,3.5686756446372856,0.0003587902823614,0.271351363001319,0.7354347893123433,137.0,output_petroleo_lp_modelo3\D_regimes\2003_2014_contencao\lp_acumulada_Gasolina_para_IPCA_Transporte_2003_2014_contencao.csv,3
6.0,0.7655134727595471,0.2169530846173259,3.528474711985787,0.0004179618793307,0.4086256485640459,1.122401296955048,134.0,output_petroleo_lp_modelo3\D_regimes\2003_2014_contencao\lp_acumulada_Gasolina_para_IPCA_Transporte_2003_2014_contencao.csv,6
12.0,0.70717140820924,0.3372415958576713,2.096928187078361,0.0359999328972196,0.1524089830233705,1.2619338333951091,128.0,output_petroleo_lp_modelo3\D_regimes\2003_2014_contencao\lp_acumulada_Gasolina_para_IPCA_Transporte_2003_2014_contencao.csv,12
3.0,0.6183647699258316,0.2603181316960739,2.375419514180378,0.017529014825988,0.1901414432857899,1.0465880965658731,137.0,output_petroleo_lp_modelo3\D_regimes\2003_2014_contencao\lp_acumulada_Petroleo_para_GasolinaA_2003_2014_contencao.csv,3
6.0,0.8580227483599028,0.3705880856645275,2.3153004145325444,0.0205964970939132,0.2484053474417549,1.4676401492780506,134.0,output_petroleo_lp_modelo3\D_regimes\2003_2014_contencao\lp_acumulada_Petroleo_para_GasolinaA_2003_2014_contencao.csv,6
12.0,1.3697020183252429,0.672617786620126,2.036374960002074,0.0417127178679843,0.2632457593351356,2.47615827731535,128.0,output_petroleo_lp_modelo3\D_regimes\2003_2014_contencao\lp_acumulada_Petroleo_para_GasolinaA_2003_2014_contencao.csv,12
3.0,1.0407159441728653,0.2894864917281538,3.595041474854597,0.0003243399023782,0.5645106652800522,1.5169212230656783,137.0,output_petroleo_lp_modelo3\D_regimes\2003_2014_contencao\lp_acumulada_Petroleo_para_Gasolina_2003_2014_contencao.csv,3
6.0,1.3911873937585744,0.3305602867822996,4.20857389525071,2.569874883090075e-05,0.8474157220016916,1.9349590655154567,134.0,output_petroleo_lp_modelo3\D_regimes\2003_2014_contencao\lp_acumulada_Petroleo_para_Gasolina_2003_2014_contencao.csv,6
12.0,1.162984445294562,0.480635722943377,2.419679582226083,0.0155341882931853,0.3723386810527067,1.953630209536417,128.0,output_petroleo_lp_modelo3\D_regimes\2003_2014_contencao\lp_acumulada_Petroleo_para_Gasolina_2003_2014_contencao.csv,12
3.0,1.108529727762454,0.5403190323555507,2.0516207303114187,0.0402065359215683,0.2197049195375731,1.9973545359873348,123.0,output_petroleo_lp_modelo3\D_regimes\2015_2026_maior_alinhamento\lp_acumulada_GasolinaA_para_IPCA_Transporte_2015_2026_maior_alinhamento.csv,3
6.0,0.6475629270797694,0.5473544555455616,1.1830778401800484,0.2367782992941163,-0.2528351522926795,1.5479610064522182,120.0,output_petroleo_lp_modelo3\D_regimes\2015_2026_maior_alinhamento\lp_acumulada_GasolinaA_para_IPCA_Transporte_2015_2026_maior_alinhamento.csv,6
12.0,0.6368716288672183,1.0154277396071534,0.6271954212257486,0.5305311442492266,-1.0335070027865492,2.307250260520986,114.0,output_petroleo_lp_modelo3\D_regimes\2015_2026_maior_alinhamento\lp_acumulada_GasolinaA_para_IPCA_Transporte_2015_2026_maior_alinhamento.csv,12
3.0,1.6673829373212006,0.2515066658322511,6.629577517572853,3.366490086025669e-11,1.2536544720271474,2.081111402615253,123.0,output_petroleo_lp_modelo3\D_regimes\2015_2026_maior_alinhamento\lp_acumulada_Gasolina_para_IPCA_Transporte_2015_2026_maior_alinhamento.csv,3
6.0,1.8664566246639067,0.3068274621645275,6.083082040626051,1.1789398268034254e-09,1.361725449403259,2.3711877999245545,120.0,output_petroleo_lp_modelo3\D_regimes\2015_2026_maior_alinhamento\lp_acumulada_Gasolina_para_IPCA_Transporte_2015_2026_maior_alinhamento.csv,6
12.0,1.3297865287268855,0.368385604798231,3.6097678937677946,0.0003064711147574,0.7237922088337956,1.935780848619976,114.0,output_petroleo_lp_modelo3\D_regimes\2015_2026_maior_alinhamento\lp_acumulada_Gasolina_para_IPCA_Transporte_2015_2026_maior_alinhamento.csv,12
3.0,3.856142680538986,0.877646424292071,4.393731431936769,1.1142145303515262e-05,2.4124143125785293,5.299871048499443,123.0,output_petroleo_lp_modelo3\D_regimes\2015_2026_maior_alinhamento\lp_acumulada_Petroleo_para_GasolinaA_2015_2026_maior_alinhamento.csv,3
6.0,2.545756586781482,0.8780864718875302,2.899209438119616,0.0037410490872406,1.1013043405264948,3.990208833036469,120.0,output_petroleo_lp_modelo3\D_regimes\2015_2026_maior_alinhamento\lp_acumulada_Petroleo_para_GasolinaA_2015_2026_maior_alinhamento.csv,6
12.0,2.222799839131183,0.9811890690299632,2.265414392894449,0.0234872619270809,0.6087438205768938,3.836855857685472,114.0,output_petroleo_lp_modelo3\D_regimes\2015_2026_maior_alinhamento\lp_acumulada_Petroleo_para_GasolinaA_2015_2026_maior_alinhamento.csv,12
3.0,2.8796710865119266,0.9586158086375802,3.00398873100645,0.0026646519443862,1.3027480813031072,4.456594091720746,123.0,output_petroleo_lp_modelo3\D_regimes\2015_2026_maior_alinhamento\lp_acumulada_Petroleo_para_Gasolina_2015_2026_maior_alinhamento.csv,3
6.0,1.5031368971200885,0.9648501093333453,1.5578967992848838,0.1192577140843509,-0.0840415327332642,3.090315326973441,120.0,output_petroleo_lp_modelo3\D_regimes\2015_2026_maior_alinhamento\lp_acumulada_Petroleo_para_Gasolina_2015_2026_maior_alinhamento.csv,6
12.0,1.2529696481617598,1.3183787624521666,0.9503867051311212,0.3419157968285502,-0.915763416072054,3.421702712395573,114.0,output_petroleo_lp_modelo3\D_regimes\2015_2026_maior_alinhamento\lp_acumulada_Petroleo_para_Gasolina_2015_2026_maior_alinhamento.csv,12
