modelo,impulso,resposta,regime,h,lags,coef,se,pvalor,ci_low,ci_high,significativo_90,nobs,hac_maxlags
regimes_dln_petroleo_brl_para_dln_diesel,dln_petroleo_brl,dln_diesel,pre_out2016,3,3,0.4875064338579129,0.4339075091747002,0.26121410029329306,-0.2262079063695719,1.2012207740853977,False,266,4
regimes_dln_petroleo_brl_para_dln_diesel,dln_petroleo_brl,dln_diesel,pos_out2016,3,3,3.408105079262363,0.7950735690633838,1.8148737399803494e-05,2.100325435495204,4.7158847230295216,True,266,4
regimes_dln_petroleo_brl_para_dln_diesel,dln_petroleo_brl,dln_diesel,pre_out2016,6,3,0.4270196777957267,0.5582132956000674,0.4442859386848983,-0.4911594860845784,1.3451988416760319,False,263,7
regimes_dln_petroleo_brl_para_dln_diesel,dln_petroleo_brl,dln_diesel,pos_out2016,6,3,3.9805388868073663,1.4679232438474106,0.006694307594933724,1.5660200150785828,6.39505775853615,True,263,7
regimes_dln_petroleo_brl_para_dln_diesel,dln_petroleo_brl,dln_diesel,pre_out2016,12,3,1.0951365391741632,0.782840869046815,0.16183513905411484,-0.1925221036033331,2.3827951819516597,False,257,13
regimes_dln_petroleo_brl_para_dln_diesel,dln_petroleo_brl,dln_diesel,pos_out2016,12,3,3.111492434205701,1.3308814558678583,0.019391474149348165,0.9223872444789984,5.300597623932403,True,257,13
regimes_dln_petroleo_brl_para_dln_diesel,dln_petroleo_brl,dln_diesel,pre_out2016,24,3,0.5404398992623527,0.6475083765427914,0.4039173822274804,-0.5246166023755172,1.6054964009002226,False,245,25
regimes_dln_petroleo_brl_para_dln_diesel,dln_petroleo_brl,dln_diesel,pos_out2016,24,3,2.2125473463972867,1.8050175720117585,0.22028295461850722,-0.7564423536373943,5.181537046431968,False,245,25
regimes_dln_petroleo_brl_para_dln_gasolina_refinaria,dln_petroleo_brl,dln_gasolina_refinaria,pre_out2016,3,3,-0.03022762338636653,0.040692271360408365,0.4575818802973146,-0.09716045352242775,0.036705206749694685,False,266,4
regimes_dln_petroleo_brl_para_dln_gasolina_refinaria,dln_petroleo_brl,dln_gasolina_refinaria,pos_out2016,3,3,0.3912003455710362,0.0731094063943921,8.752301772219084e-08,0.2709460732989512,0.5114546178431212,True,266,4
regimes_dln_petroleo_brl_para_dln_gasolina_refinaria,dln_petroleo_brl,dln_gasolina_refinaria,pre_out2016,6,3,-0.07023977801401315,0.09829528247735912,0.4748690150258663,-0.23192112990911679,0.09144157388109048,False,263,7
regimes_dln_petroleo_brl_para_dln_gasolina_refinaria,dln_petroleo_brl,dln_gasolina_refinaria,pos_out2016,6,3,0.6127754297133379,0.1415296866824758,1.4933970249764172e-05,0.379979811252362,0.8455710481743137,True,263,7
regimes_dln_petroleo_brl_para_dln_gasolina_refinaria,dln_petroleo_brl,dln_gasolina_refinaria,pre_out2016,12,3,-0.11012301226628551,0.21354825137199576,0.6060764534766845,-0.46137862806465746,0.24113260353208643,False,257,13
regimes_dln_petroleo_brl_para_dln_gasolina_refinaria,dln_petroleo_brl,dln_gasolina_refinaria,pos_out2016,12,3,0.8507009881826662,0.21308112530681597,6.54132235844429e-05,0.5002137263868487,1.2011882499784836,True,257,13
regimes_dln_petroleo_brl_para_dln_gasolina_refinaria,dln_petroleo_brl,dln_gasolina_refinaria,pre_out2016,24,3,-0.2501841895279995,0.41156232084689215,0.5432611248696171,-0.9271439656895756,0.4267755866335766,False,245,25
regimes_dln_petroleo_brl_para_dln_gasolina_refinaria,dln_petroleo_brl,dln_gasolina_refinaria,pos_out2016,24,3,1.3821374633521373,0.31995022300163933,1.5613420383031595e-05,0.8558661786039585,1.908408748100316,True,245,25
regimes_dln_petroleo_brl_para_ipca_transporte_mensal,dln_petroleo_brl,ipca_transporte_mensal,pre_out2016,3,3,0.18686871911817882,0.20071136038716572,0.351836960353066,-0.14327208998501478,0.5170095282213725,False,266,4
regimes_dln_petroleo_brl_para_ipca_transporte_mensal,dln_petroleo_brl,ipca_transporte_mensal,pos_out2016,3,3,0.8173149029624653,0.212759674885027,0.00012228798711610978,0.46735638005881264,1.1672734258661182,True,266,4
regimes_dln_petroleo_brl_para_ipca_transporte_mensal,dln_petroleo_brl,ipca_transporte_mensal,pre_out2016,6,3,0.2382156412514611,0.2561744547145493,0.35242485236405985,-0.18315383971808097,0.6595851222210032,False,263,7
regimes_dln_petroleo_brl_para_ipca_transporte_mensal,dln_petroleo_brl,ipca_transporte_mensal,pos_out2016,6,3,0.5038258380605072,0.24413951420716323,0.0390480647637832,0.10225207263468428,0.9053996034863301,True,263,7
regimes_dln_petroleo_brl_para_ipca_transporte_mensal,dln_petroleo_brl,ipca_transporte_mensal,pre_out2016,12,3,0.09313284228976926,0.3451336441171024,0.7872789351102631,-0.47456148401922527,0.6608271685987638,False,257,13
regimes_dln_petroleo_brl_para_ipca_transporte_mensal,dln_petroleo_brl,ipca_transporte_mensal,pos_out2016,12,3,0.5795306961693143,0.2951252356564469,0.04956753840090555,0.09409288189489967,1.064968510443729,True,257,13
regimes_dln_petroleo_brl_para_ipca_transporte_mensal,dln_petroleo_brl,ipca_transporte_mensal,pre_out2016,24,3,0.02103490791667184,0.3880570958509139,0.9567712765537768,-0.617262213657959,0.6593320294913027,False,245,25
regimes_dln_petroleo_brl_para_ipca_transporte_mensal,dln_petroleo_brl,ipca_transporte_mensal,pos_out2016,24,3,-0.08704289916957464,0.20439180022603895,0.67020769877902,-0.42323749309051556,0.24915169475136628,False,245,25
regimes_dln_petroleo_brl_para_ipca_geral_mensal,dln_petroleo_brl,ipca_geral_mensal,pre_out2016,3,3,0.07734100916663422,0.1024593137759379,0.4503413544616959,-0.09118956471267617,0.24587158304594461,False,266,4
regimes_dln_petroleo_brl_para_ipca_geral_mensal,dln_petroleo_brl,ipca_geral_mensal,pos_out2016,3,3,0.09673137504604057,0.07655342011250388,0.20638079491840156,-0.02918779568155122,0.22265054577363236,False,266,4
regimes_dln_petroleo_brl_para_ipca_geral_mensal,dln_petroleo_brl,ipca_geral_mensal,pre_out2016,6,3,0.013145118747264206,0.1472825524291297,0.9288824151723809,-0.22911312180246013,0.25540335929698854,False,263,7
regimes_dln_petroleo_brl_para_ipca_geral_mensal,dln_petroleo_brl,ipca_geral_mensal,pos_out2016,6,3,0.03952151934180392,0.09255042131981804,0.6693597361667631,-0.11271037684198565,0.1917534155255935,False,263,7
regimes_dln_petroleo_brl_para_ipca_geral_mensal,dln_petroleo_brl,ipca_geral_mensal,pre_out2016,12,3,-0.04723219056357664,0.2124094450946002,0.8240306194552169,-0.39661463672617936,0.3021502555990261,False,257,13
regimes_dln_petroleo_brl_para_ipca_geral_mensal,dln_petroleo_brl,ipca_geral_mensal,pos_out2016,12,3,0.06722334600377167,0.11789405877224124,0.5685411720066431,-0.12669512416377937,0.2611418161713227,False,257,13
regimes_dln_petroleo_brl_para_ipca_geral_mensal,dln_petroleo_brl,ipca_geral_mensal,pre_out2016,24,3,-0.22397754657502844,0.20702368160335805,0.27929991547732946,-0.5645012001251587,0.11654610697510182,False,245,25
regimes_dln_petroleo_brl_para_ipca_geral_mensal,dln_petroleo_brl,ipca_geral_mensal,pos_out2016,24,3,-0.32887640896626635,0.22113240374366852,0.1369520882855324,-0.6926068453005368,0.03485402736800414,False,245,25
regimes_dln_gasolina_refinaria_para_ipca_transporte_mensal,dln_gasolina_refinaria,ipca_transporte_mensal,pre_out2016,3,3,6.8593399329083695,3.7385268269619467,0.0665396538582661,0.7100105221246329,13.008669343692105,True,266,4
regimes_dln_gasolina_refinaria_para_ipca_transporte_mensal,dln_gasolina_refinaria,ipca_transporte_mensal,pos_out2016,3,3,5.7204134381181575,4.014888896008092,0.154215041124939,-0.8834911242879446,12.32431800052426,False,266,4
regimes_dln_gasolina_refinaria_para_ipca_transporte_mensal,dln_gasolina_refinaria,ipca_transporte_mensal,pre_out2016,6,3,2.7283973385547142,4.845892799338539,0.57341244419736,-5.242387008255304,10.699181685364731,False,263,7
regimes_dln_gasolina_refinaria_para_ipca_transporte_mensal,dln_gasolina_refinaria,ipca_transporte_mensal,pos_out2016,6,3,1.0789464129561566,5.492436939155082,0.8442640663752252,-7.955308407215323,10.113201233127636,False,263,7
regimes_dln_gasolina_refinaria_para_ipca_transporte_mensal,dln_gasolina_refinaria,ipca_transporte_mensal,pre_out2016,12,3,3.0227394000835375,5.952257664528113,0.6115720515918674,-6.767853207965228,12.813332008132303,False,257,13
regimes_dln_gasolina_refinaria_para_ipca_transporte_mensal,dln_gasolina_refinaria,ipca_transporte_mensal,pos_out2016,12,3,1.264807593679052,6.237749594233846,0.8393174252515372,-8.995377450411564,11.524992637769667,False,257,13
regimes_dln_gasolina_refinaria_para_ipca_transporte_mensal,dln_gasolina_refinaria,ipca_transporte_mensal,pre_out2016,24,3,4.486851137001395,6.213897201854524,0.4702531843685458,-5.734100212972624,14.707802486975414,False,245,25
regimes_dln_gasolina_refinaria_para_ipca_transporte_mensal,dln_gasolina_refinaria,ipca_transporte_mensal,pos_out2016,24,3,4.824780343271414,6.1279711080317965,0.4310844289623512,-5.254835159628518,14.904395846171345,False,245,25
regimes_dln_gasolina_para_ipca_transporte_mensal,dln_gasolina,ipca_transporte_mensal,pre_out2016,3,3,1.0472678861532163,0.18626150243402118,1.881399214198609e-08,0.7408949783131862,1.3536407939932464,True,266,4
regimes_dln_gasolina_para_ipca_transporte_mensal,dln_gasolina,ipca_transporte_mensal,pos_out2016,3,3,1.1660471543701636,0.2608387343430452,7.808229276040635e-06,0.7370056161365741,1.595088692603753,True,266,4
regimes_dln_gasolina_para_ipca_transporte_mensal,dln_gasolina,ipca_transporte_mensal,pre_out2016,6,3,1.3408947425128837,0.25845265875753703,2.1237769742832313e-07,0.9157779493602978,1.7660115356654695,True,263,7
regimes_dln_gasolina_para_ipca_transporte_mensal,dln_gasolina,ipca_transporte_mensal,pos_out2016,6,3,1.148015765338478,0.2644255772785732,1.4148375124811707e-05,0.71307439549308,1.5829571351838758,True,263,7
regimes_dln_gasolina_para_ipca_transporte_mensal,dln_gasolina,ipca_transporte_mensal,pre_out2016,12,3,1.6741988351703654,0.43293932304492694,0.00011015898686883574,0.9620770194100022,2.3863206509307284,True,257,13
regimes_dln_gasolina_para_ipca_transporte_mensal,dln_gasolina,ipca_transporte_mensal,pos_out2016,12,3,1.0114017969724074,0.2012962569215981,5.048927436135386e-07,0.6802989186831614,1.3425046752616534,True,257,13
regimes_dln_gasolina_para_ipca_transporte_mensal,dln_gasolina,ipca_transporte_mensal,pre_out2016,24,3,1.0146747465336858,0.5098091474177969,0.046557552414669745,0.17611332135048474,1.8532361717168868,True,245,25
regimes_dln_gasolina_para_ipca_transporte_mensal,dln_gasolina,ipca_transporte_mensal,pos_out2016,24,3,0.8286183484812142,0.2816009437835307,0.0032554551510999286,0.36542601474591613,1.2918106822165123,True,245,25
regimes_dln_etanol_para_ipca_transporte_mensal,dln_etanol,ipca_transporte_mensal,pre_out2016,3,3,0.5760795098270988,0.14151004695862357,4.682295836344608e-05,0.34331619583713363,0.808842823817064,True,266,4
regimes_dln_etanol_para_ipca_transporte_mensal,dln_etanol,ipca_transporte_mensal,pos_out2016,3,3,1.1531289655113133,0.5841792000087161,0.048389680169527605,0.19223968958736704,2.1140182414352595,True,266,4
regimes_dln_etanol_para_ipca_transporte_mensal,dln_etanol,ipca_transporte_mensal,pre_out2016,6,3,0.7050913136936696,0.20127353503193762,0.0004597910673174166,0.37402580958704285,1.0361568178002964,True,263,7
regimes_dln_etanol_para_ipca_transporte_mensal,dln_etanol,ipca_transporte_mensal,pos_out2016,6,3,1.515270023624633,0.5602305692116066,0.00683608104429223,0.5937727399278341,2.436767307321432,True,263,7
regimes_dln_etanol_para_ipca_transporte_mensal,dln_etanol,ipca_transporte_mensal,pre_out2016,12,3,0.5797311576672968,0.26380671612462714,0.02798045725922793,0.1458077238355464,1.0136545914990471,True,257,13
regimes_dln_etanol_para_ipca_transporte_mensal,dln_etanol,ipca_transporte_mensal,pos_out2016,12,3,1.8509408617304022,0.5204033843942476,0.00037548179951873983,0.9949534674317029,2.7069282560291015,True,257,13
regimes_dln_etanol_para_ipca_transporte_mensal,dln_etanol,ipca_transporte_mensal,pre_out2016,24,3,0.2641242350909181,0.2513260951255992,0.29329420957511587,-0.1492704040239745,0.6775188742058107,False,245,25
regimes_dln_etanol_para_ipca_transporte_mensal,dln_etanol,ipca_transporte_mensal,pos_out2016,24,3,1.5805470106382984,0.32440519111038624,1.1039674943091882e-06,1.046947955438494,2.114146065838103,True,245,25
