h,nobs,first_stage_f,first_stage_pvalue,coef_instrumento,pvalor_instrumento,r2_first_stage,arquivo,h_ref,instrumento_forte_regra_10
0.0,266.0,128.34596113758963,6.79409209403239e-24,0.5393701814204114,9.428819885456561e-30,0.6172715035562735,output_petroleo_lp_modelo9\resumo_modelo9_primeiro_estagio.csv,0,True
3.0,263.0,126.74115459841585,1.3005017028042846e-23,0.5365949664919272,2.1165457915620706e-29,0.6163800051469981,output_petroleo_lp_modelo9\resumo_modelo9_primeiro_estagio.csv,3,True
6.0,260.0,123.50083378824898,4.222558706905314e-23,0.5379042565614593,1.083407325645877e-28,0.6164095614385803,output_petroleo_lp_modelo9\resumo_modelo9_primeiro_estagio.csv,6,True
12.0,254.0,119.26613302231132,2.157889667953848e-22,0.5355960219487748,9.15802290787862e-28,0.6156850543202197,output_petroleo_lp_modelo9\resumo_modelo9_primeiro_estagio.csv,12,True
0.0,266.0,128.34596113758963,6.79409209403239e-24,0.5393701814204114,9.428819885456561e-30,0.6172715035562735,output_petroleo_lp_modelo9\B_lpiv_oil_supply_news\primeiro_estagio_petroleo_brl_iv_oil_supply_news_para_diesel.csv,0,True
3.0,263.0,126.74115459841585,1.3005017028042846e-23,0.5365949664919272,2.1165457915620706e-29,0.6163800051469981,output_petroleo_lp_modelo9\B_lpiv_oil_supply_news\primeiro_estagio_petroleo_brl_iv_oil_supply_news_para_diesel.csv,3,True
6.0,260.0,123.50083378824898,4.222558706905314e-23,0.5379042565614593,1.083407325645877e-28,0.6164095614385803,output_petroleo_lp_modelo9\B_lpiv_oil_supply_news\primeiro_estagio_petroleo_brl_iv_oil_supply_news_para_diesel.csv,6,True
12.0,254.0,119.26613302231132,2.1578896679538477e-22,0.5355960219487748,9.15802290787862e-28,0.6156850543202197,output_petroleo_lp_modelo9\B_lpiv_oil_supply_news\primeiro_estagio_petroleo_brl_iv_oil_supply_news_para_diesel.csv,12,True
0.0,266.0,123.40662386346088,3.377142140578943e-23,0.5359005751051477,1.136088909901773e-28,0.6191028506077115,output_petroleo_lp_modelo9\B_lpiv_oil_supply_news\primeiro_estagio_petroleo_brl_iv_oil_supply_news_para_etanol.csv,0,True
3.0,263.0,121.8948128838388,6.270318319839454e-23,0.5327896248238395,2.434067170540309e-28,0.6189633343660863,output_petroleo_lp_modelo9\B_lpiv_oil_supply_news\primeiro_estagio_petroleo_brl_iv_oil_supply_news_para_etanol.csv,3,True
6.0,260.0,118.53901158027452,2.13071792073898e-22,0.533428937450821,1.3212974826856575e-27,0.6180700356476124,output_petroleo_lp_modelo9\B_lpiv_oil_supply_news\primeiro_estagio_petroleo_brl_iv_oil_supply_news_para_etanol.csv,6,True
12.0,254.0,113.88337803600362,1.2575882495385805e-21,0.5307269968092512,1.3820232775853632e-26,0.6179031424081775,output_petroleo_lp_modelo9\B_lpiv_oil_supply_news\primeiro_estagio_petroleo_brl_iv_oil_supply_news_para_etanol.csv,12,True
0.0,266.0,124.6951308196308,2.217777391640481e-23,0.5364785392479838,5.934662943025197e-29,0.6171575975722364,output_petroleo_lp_modelo9\B_lpiv_oil_supply_news\primeiro_estagio_petroleo_brl_iv_oil_supply_news_para_gasolina.csv,0,True
3.0,263.0,123.18741915027286,4.112676417326383e-23,0.5334958074455329,1.26879673944373e-28,0.6168154929884018,output_petroleo_lp_modelo9\B_lpiv_oil_supply_news\primeiro_estagio_petroleo_brl_iv_oil_supply_news_para_gasolina.csv,3,True
6.0,260.0,119.80526770977022,1.406509780257039e-22,0.5346164416703589,6.978570469230264e-28,0.6161345311302939,output_petroleo_lp_modelo9\B_lpiv_oil_supply_news\primeiro_estagio_petroleo_brl_iv_oil_supply_news_para_gasolina.csv,6,True
12.0,254.0,115.1965913828036,8.158436602333592e-22,0.5320994912933085,7.126999815236759e-27,0.6154547869686233,output_petroleo_lp_modelo9\B_lpiv_oil_supply_news\primeiro_estagio_petroleo_brl_iv_oil_supply_news_para_gasolina.csv,12,True
0.0,266.0,125.6862316210125,1.6065852180561113e-23,0.5370599880143926,3.6015427678056045e-29,0.6142549270361584,output_petroleo_lp_modelo9\B_lpiv_oil_supply_news\primeiro_estagio_petroleo_brl_iv_oil_supply_news_para_gasolina_refinaria.csv,0,True
3.0,263.0,124.15014414247544,3.007151488416594e-23,0.5340780085123942,7.810428064992257e-29,0.6137770771786002,output_petroleo_lp_modelo9\B_lpiv_oil_supply_news\primeiro_estagio_petroleo_brl_iv_oil_supply_news_para_gasolina_refinaria.csv,3,True
6.0,260.0,120.69505977864716,1.051469646147658e-22,0.5355474027536222,4.456249126094109e-28,0.6133342538064643,output_petroleo_lp_modelo9\B_lpiv_oil_supply_news\primeiro_estagio_petroleo_brl_iv_oil_supply_news_para_gasolina_refinaria.csv,6,True
12.0,254.0,115.90900791777264,6.456144984636169e-22,0.5332767540246383,4.97612075962558e-27,0.6128837288880624,output_petroleo_lp_modelo9\B_lpiv_oil_supply_news\primeiro_estagio_petroleo_brl_iv_oil_supply_news_para_gasolina_refinaria.csv,12,True
0.0,266.0,127.3226784720803,9.453559557433268e-24,0.5371999961344709,1.5789645462453557e-29,0.6170803661030896,output_petroleo_lp_modelo9\B_lpiv_oil_supply_news\primeiro_estagio_petroleo_brl_iv_oil_supply_news_para_ipca_geral.csv,0,True
3.0,263.0,125.43038138920213,1.9857965476398762e-23,0.5339392937229838,4.0971460604795945e-29,0.6174778872438316,output_petroleo_lp_modelo9\B_lpiv_oil_supply_news\primeiro_estagio_petroleo_brl_iv_oil_supply_news_para_ipca_geral.csv,3,True
6.0,260.0,122.85787118971788,5.200933773108416e-23,0.5356796458299189,1.4980457471068572e-28,0.6170970836322504,output_petroleo_lp_modelo9\B_lpiv_oil_supply_news\primeiro_estagio_petroleo_brl_iv_oil_supply_news_para_ipca_geral.csv,6,True
12.0,254.0,118.11422710487354,3.138953543436554e-22,0.5329623275312303,1.636847718262772e-27,0.6162889776364455,output_petroleo_lp_modelo9\B_lpiv_oil_supply_news\primeiro_estagio_petroleo_brl_iv_oil_supply_news_para_ipca_geral.csv,12,True
0.0,266.0,128.71903292798797,6.024644836721237e-24,0.5366822588661285,7.81312900630757e-30,0.6181740835624511,output_petroleo_lp_modelo9\B_lpiv_oil_supply_news\primeiro_estagio_petroleo_brl_iv_oil_supply_news_para_ipca_transporte.csv,0,True
3.0,263.0,126.99540941199167,1.1982157922262627e-23,0.5334255912463788,1.8620372322752962e-29,0.618027027930574,output_petroleo_lp_modelo9\B_lpiv_oil_supply_news\primeiro_estagio_petroleo_brl_iv_oil_supply_news_para_ipca_transporte.csv,3,True
6.0,260.0,123.23440369524972,4.603184861434509e-23,0.5341994841688877,1.239104620872225e-28,0.6171463933405273,output_petroleo_lp_modelo9\B_lpiv_oil_supply_news\primeiro_estagio_petroleo_brl_iv_oil_supply_news_para_ipca_transporte.csv,6,True
12.0,254.0,118.87517509733075,2.450216510222392e-22,0.5313933731997886,1.1153178238256387e-27,0.6165766613107138,output_petroleo_lp_modelo9\B_lpiv_oil_supply_news\primeiro_estagio_petroleo_brl_iv_oil_supply_news_para_ipca_transporte.csv,12,True
