h,coef,se,t,pvalor,ci_low,ci_high,nobs,arquivo,h_ref,significativo_10pct
0.0,0.7862312548765721,0.1539985545771692,5.1054456779501045,3.300157840938692e-07,0.5329036325971286,1.0395588771560156,269.0,output_petroleo_lp_modelo4_regimes_brl\A_usd_vs_brl_petroleo_para_combustiveis\lp_acumulada_petroleo_brl_para_diesel.csv,0,True
3.0,2.1487999754787275,0.5011047576201472,4.288125272814879,1.801874671372857e-05,1.3244826491935853,2.9731173017638697,266.0,output_petroleo_lp_modelo4_regimes_brl\A_usd_vs_brl_petroleo_para_combustiveis\lp_acumulada_petroleo_brl_para_diesel.csv,3,True
6.0,2.3901225333031597,0.6424275705672261,3.720454480483801,0.0001988645843418,1.3333291797200724,3.446915886886246,263.0,output_petroleo_lp_modelo4_regimes_brl\A_usd_vs_brl_petroleo_para_combustiveis\lp_acumulada_petroleo_brl_para_diesel.csv,6,True
12.0,2.6671760450757733,0.7835256526896353,3.4040698424104776,0.0006638977581425,1.3782763464013232,3.956075743750224,257.0,output_petroleo_lp_modelo4_regimes_brl\A_usd_vs_brl_petroleo_para_combustiveis\lp_acumulada_petroleo_brl_para_diesel.csv,12,True
18.0,3.191575141489265,0.9326571942632468,3.422023827318945,0.0006215686625767,1.657354056926224,4.7257962260523065,251.0,output_petroleo_lp_modelo4_regimes_brl\A_usd_vs_brl_petroleo_para_combustiveis\lp_acumulada_petroleo_brl_para_diesel.csv,18,True
24.0,1.83934118558448,1.026941476444602,1.7910866663526983,0.0732793885020693,0.1500224568331101,3.52865991433585,245.0,output_petroleo_lp_modelo4_regimes_brl\A_usd_vs_brl_petroleo_para_combustiveis\lp_acumulada_petroleo_brl_para_diesel.csv,24,True
0.0,0.6546773218706813,0.2719832407365476,2.407050228895627,0.0160819578260054,0.2072648908590604,1.1020897528823022,269.0,output_petroleo_lp_modelo4_regimes_brl\A_usd_vs_brl_petroleo_para_combustiveis\lp_acumulada_petroleo_brl_para_etanol.csv,0,True
3.0,2.1781803431243656,0.7520275608145207,2.896410260237244,0.00377458581338,0.9410950055844792,3.415265680664252,266.0,output_petroleo_lp_modelo4_regimes_brl\A_usd_vs_brl_petroleo_para_combustiveis\lp_acumulada_petroleo_brl_para_etanol.csv,3,True
6.0,2.4942310523372786,0.8946828632800646,2.7878381879283896,0.0053061039517047,1.0224777422415725,3.9659843624329847,263.0,output_petroleo_lp_modelo4_regimes_brl\A_usd_vs_brl_petroleo_para_combustiveis\lp_acumulada_petroleo_brl_para_etanol.csv,6,True
12.0,1.521818699802013,1.123933977743566,1.354010760362676,0.175732944791474,-0.3270526935861533,3.370690093190179,257.0,output_petroleo_lp_modelo4_regimes_brl\A_usd_vs_brl_petroleo_para_combustiveis\lp_acumulada_petroleo_brl_para_etanol.csv,12,False
18.0,1.0689045447399304,1.0047516697267298,1.06384948335607,0.2873968906662413,-0.5839119519605402,2.721721041440401,251.0,output_petroleo_lp_modelo4_regimes_brl\A_usd_vs_brl_petroleo_para_combustiveis\lp_acumulada_petroleo_brl_para_etanol.csv,18,False
24.0,-0.8174280863299043,1.2697155508376223,-0.6437883554239001,0.5197126857844445,-2.906110167457793,1.2712539947979846,245.0,output_petroleo_lp_modelo4_regimes_brl\A_usd_vs_brl_petroleo_para_combustiveis\lp_acumulada_petroleo_brl_para_etanol.csv,24,False
0.0,0.8224921814102509,0.1827739247059191,4.5000520874825565,6.793681338918557e-06,0.521829075269014,1.123155287551488,269.0,output_petroleo_lp_modelo4_regimes_brl\A_usd_vs_brl_petroleo_para_combustiveis\lp_acumulada_petroleo_brl_para_gasolina.csv,0,True
3.0,1.8230860905332051,0.5175891424915963,3.522264941179297,0.0004278762974089,0.9716519511345296,2.6745202299318813,266.0,output_petroleo_lp_modelo4_regimes_brl\A_usd_vs_brl_petroleo_para_combustiveis\lp_acumulada_petroleo_brl_para_gasolina.csv,3,True
6.0,1.3300141624433552,0.5275919760336633,2.5209143104149354,0.011705035232025,0.4621253618679791,2.1979029630187314,263.0,output_petroleo_lp_modelo4_regimes_brl\A_usd_vs_brl_petroleo_para_combustiveis\lp_acumulada_petroleo_brl_para_gasolina.csv,6,True
12.0,0.841330054142962,0.8096729243722427,1.0390986641862376,0.2987588521544937,-0.4905819064493772,2.173242014735301,257.0,output_petroleo_lp_modelo4_regimes_brl\A_usd_vs_brl_petroleo_para_combustiveis\lp_acumulada_petroleo_brl_para_gasolina.csv,12,False
18.0,0.8636836393994126,0.6689774308882012,1.2910504891812271,0.1966861706218294,-0.2367842344116782,1.964151513210504,251.0,output_petroleo_lp_modelo4_regimes_brl\A_usd_vs_brl_petroleo_para_combustiveis\lp_acumulada_petroleo_brl_para_gasolina.csv,18,False
24.0,-0.4168874252683346,0.7754705860748863,-0.5375928278317398,0.5908581828283783,-1.6925365393615226,0.8587616888248534,245.0,output_petroleo_lp_modelo4_regimes_brl\A_usd_vs_brl_petroleo_para_combustiveis\lp_acumulada_petroleo_brl_para_gasolina.csv,24,False
0.0,0.7646874129927349,0.1884397474271411,4.057994257758151,4.949598460699772e-05,0.4547040284750878,1.074670797510382,269.0,output_petroleo_lp_modelo4_regimes_brl\A_usd_vs_brl_petroleo_para_combustiveis\lp_acumulada_petroleo_brl_para_gasolina_refinaria.csv,0,True
3.0,1.9387316591002173,0.6532208921608562,2.96795721381,0.0029978605749292,0.8641832914956087,3.013280026704826,266.0,output_petroleo_lp_modelo4_regimes_brl\A_usd_vs_brl_petroleo_para_combustiveis\lp_acumulada_petroleo_brl_para_gasolina_refinaria.csv,3,True
6.0,1.4906582628045524,0.6972513155040609,2.1379067054565786,0.032524315921908,0.343679848800372,2.6376366768087327,263.0,output_petroleo_lp_modelo4_regimes_brl\A_usd_vs_brl_petroleo_para_combustiveis\lp_acumulada_petroleo_brl_para_gasolina_refinaria.csv,6,True
12.0,1.7017736055472537,0.8481658827360616,2.0064160091627072,0.0448118816750825,0.3065407284464323,3.0970064826480748,257.0,output_petroleo_lp_modelo4_regimes_brl\A_usd_vs_brl_petroleo_para_combustiveis\lp_acumulada_petroleo_brl_para_gasolina_refinaria.csv,12,True
18.0,3.037895020333054,0.9569912885884208,3.1744228568830586,0.0015013479327493,1.463644350605102,4.612145690061007,251.0,output_petroleo_lp_modelo4_regimes_brl\A_usd_vs_brl_petroleo_para_combustiveis\lp_acumulada_petroleo_brl_para_gasolina_refinaria.csv,18,True
24.0,1.543280176680509,1.1893710994684792,1.297559842651456,0.1944386289105617,-0.4132352819451392,3.4997956353061577,245.0,output_petroleo_lp_modelo4_regimes_brl\A_usd_vs_brl_petroleo_para_combustiveis\lp_acumulada_petroleo_brl_para_gasolina_refinaria.csv,24,False
0.0,0.8166903137478589,0.1599645486925959,5.105445677950141,3.300157840938056e-07,0.5535486311485386,1.0798319963471794,269.0,output_petroleo_lp_modelo4_regimes_brl\A_usd_vs_brl_petroleo_para_combustiveis\lp_acumulada_petroleo_usd_para_diesel.csv,0,True
3.0,2.2320457438830705,0.5205178491480718,4.288125272814843,1.801874671373152e-05,1.3757938820344924,3.0882976057316487,266.0,output_petroleo_lp_modelo4_regimes_brl\A_usd_vs_brl_petroleo_para_combustiveis\lp_acumulada_petroleo_usd_para_diesel.csv,3,True
6.0,2.482717278805726,0.6673155905627082,3.720454480483808,0.0001988645843418,1.3849831323300712,3.580451425281381,263.0,output_petroleo_lp_modelo4_regimes_brl\A_usd_vs_brl_petroleo_para_combustiveis\lp_acumulada_petroleo_usd_para_diesel.csv,6,True
12.0,2.770504005740217,0.8138798949490296,3.4040698424105003,0.0006638977581424,1.431671578549064,4.109336432931372,257.0,output_petroleo_lp_modelo4_regimes_brl\A_usd_vs_brl_petroleo_para_combustiveis\lp_acumulada_petroleo_usd_para_diesel.csv,12,True
18.0,3.315218629997,0.9687888797064316,3.4220238273189074,0.0006215686625768,1.7215609228799198,4.90887633711408,251.0,output_petroleo_lp_modelo4_regimes_brl\A_usd_vs_brl_petroleo_para_combustiveis\lp_acumulada_petroleo_usd_para_diesel.csv,18,True
24.0,1.9105983393908388,1.0667257901492202,1.7910866663527207,0.0732793885020657,0.1558344145953716,3.6653622641863057,245.0,output_petroleo_lp_modelo4_regimes_brl\A_usd_vs_brl_petroleo_para_combustiveis\lp_acumulada_petroleo_usd_para_diesel.csv,24,True
0.0,0.6800399043995113,0.2825200306316501,2.407050228895621,0.0160819578260056,0.2152944540104469,1.1447853547885758,269.0,output_petroleo_lp_modelo4_regimes_brl\A_usd_vs_brl_petroleo_para_combustiveis\lp_acumulada_petroleo_usd_para_etanol.csv,0,True
3.0,2.2625643241630216,0.7811615485638033,2.896410260237254,0.0037745858133799,0.9775535767755652,3.5475750715504777,266.0,output_petroleo_lp_modelo4_regimes_brl\A_usd_vs_brl_petroleo_para_combustiveis\lp_acumulada_petroleo_usd_para_etanol.csv,3,True
6.0,2.5908590227855623,0.9293434009205488,2.7878381879284038,0.0053061039517044,1.0620891282712597,4.119628917299865,263.0,output_petroleo_lp_modelo4_regimes_brl\A_usd_vs_brl_petroleo_para_combustiveis\lp_acumulada_petroleo_usd_para_etanol.csv,6,True
12.0,1.580774846713257,1.1674758377029446,1.354010760362711,0.1757329447914628,-0.3397229063080869,3.501272599734601,257.0,output_petroleo_lp_modelo4_regimes_brl\A_usd_vs_brl_petroleo_para_combustiveis\lp_acumulada_petroleo_usd_para_etanol.csv,12,False
18.0,1.110314532264671,1.0436763373349205,1.063849483356032,0.2873968906662586,-0.6065330426512732,2.827162107180615,251.0,output_petroleo_lp_modelo4_regimes_brl\A_usd_vs_brl_petroleo_para_combustiveis\lp_acumulada_petroleo_usd_para_etanol.csv,18,False
24.0,-0.8490957287063103,1.3189050742416908,-0.6437883554239118,0.519712685784437,-3.018694575833892,1.3205031184212712,245.0,output_petroleo_lp_modelo4_regimes_brl\A_usd_vs_brl_petroleo_para_combustiveis\lp_acumulada_petroleo_usd_para_etanol.csv,24,False
0.0,0.854356009793263,0.1898546934978279,4.500052087482564,6.793681338918327e-06,0.542045038989336,1.16666698059719,269.0,output_petroleo_lp_modelo4_regimes_brl\A_usd_vs_brl_petroleo_para_combustiveis\lp_acumulada_petroleo_usd_para_gasolina.csv,0,True
3.0,1.8937135124457196,0.5376408487351563,3.5222649411792912,0.0004278762974089,1.0092943162763874,2.778132708615052,266.0,output_petroleo_lp_modelo4_regimes_brl\A_usd_vs_brl_petroleo_para_combustiveis\lp_acumulada_petroleo_usd_para_gasolina.csv,3,True
6.0,1.3815396893443126,0.5480311979017258,2.520914310414958,0.0117050352320243,0.4800283687959735,2.2830510098926515,263.0,output_petroleo_lp_modelo4_regimes_brl\A_usd_vs_brl_petroleo_para_combustiveis\lp_acumulada_petroleo_usd_para_gasolina.csv,6,True
12.0,0.8739236727384684,0.8410401272365178,1.0390986641862132,0.298758852154505,-0.5095873365656033,2.25743468204254,257.0,output_petroleo_lp_modelo4_regimes_brl\A_usd_vs_brl_petroleo_para_combustiveis\lp_acumulada_petroleo_usd_para_gasolina.csv,12,False
18.0,0.8971432489678394,0.6948940080079589,1.2910504891813142,0.1966861706217995,-0.2459573942052529,2.040243892140932,251.0,output_petroleo_lp_modelo4_regimes_brl\A_usd_vs_brl_petroleo_para_combustiveis\lp_acumulada_petroleo_usd_para_gasolina.csv,18,False
24.0,-0.433037888061848,0.8055127703402685,-0.5375928278317949,0.5908581828283404,-1.75810639527159,0.8920306191478936,245.0,output_petroleo_lp_modelo4_regimes_brl\A_usd_vs_brl_petroleo_para_combustiveis\lp_acumulada_petroleo_usd_para_gasolina.csv,24,False
0.0,0.7943118508232175,0.195740013506584,4.057994257758135,4.949598460700106e-05,0.4723195286048868,1.1163041730415482,269.0,output_petroleo_lp_modelo4_regimes_brl\A_usd_vs_brl_petroleo_para_combustiveis\lp_acumulada_petroleo_usd_para_gasolina_refinaria.csv,0,True
3.0,2.013839258008157,0.6785270517505112,2.967957213809993,0.0029978605749293,0.8976622578785656,3.1300162581377475,266.0,output_petroleo_lp_modelo4_regimes_brl\A_usd_vs_brl_petroleo_para_combustiveis\lp_acumulada_petroleo_usd_para_gasolina_refinaria.csv,3,True
6.0,1.548407236153187,0.7242632394581043,2.137906705456582,0.0325243159219077,0.3569942072446057,2.739820265061769,263.0,output_petroleo_lp_modelo4_regimes_brl\A_usd_vs_brl_petroleo_para_combustiveis\lp_acumulada_petroleo_usd_para_gasolina_refinaria.csv,6,True
12.0,1.767701310806315,0.8810243253312102,2.006416009162709,0.0448118816750823,0.3184162956364742,3.216986325976156,257.0,output_petroleo_lp_modelo4_regimes_brl\A_usd_vs_brl_petroleo_para_combustiveis\lp_acumulada_petroleo_usd_para_gasolina_refinaria.csv,12,True
18.0,3.155584851022422,0.9940656910846756,3.174422856883033,0.0015013479327494,1.5203467891881308,4.790822912856713,251.0,output_petroleo_lp_modelo4_regimes_brl\A_usd_vs_brl_petroleo_para_combustiveis\lp_acumulada_petroleo_usd_para_gasolina_refinaria.csv,18,True
24.0,1.6030677537640408,1.235448031813541,1.2975598426514652,0.1944386289105585,-0.4292442585692342,3.635379766097316,245.0,output_petroleo_lp_modelo4_regimes_brl\A_usd_vs_brl_petroleo_para_combustiveis\lp_acumulada_petroleo_usd_para_gasolina_refinaria.csv,24,False
0.0,0.0323581342724573,0.0214975228275585,1.5052029264960765,0.1322719130158985,-0.0030052907788764,0.067721559323791,269.0,output_petroleo_lp_modelo4_regimes_brl\B_usd_vs_brl_petroleo_para_ipca\lp_acumulada_petroleo_brl_para_ipca_geral.csv,0,False
3.0,0.1464777826225267,0.0692582535723474,2.1149505664262165,0.0344341607499647,0.0325479554960152,0.2604076097490383,266.0,output_petroleo_lp_modelo4_regimes_brl\B_usd_vs_brl_petroleo_para_ipca\lp_acumulada_petroleo_brl_para_ipca_geral.csv,3,True
6.0,0.1161903206263967,0.0911362058676239,1.27490846826742,0.2023416414012224,-0.0337287380258446,0.2661093792786381,263.0,output_petroleo_lp_modelo4_regimes_brl\B_usd_vs_brl_petroleo_para_ipca\lp_acumulada_petroleo_brl_para_ipca_geral.csv,6,False
12.0,0.1275076478746558,0.1472672582092176,0.8658248236923788,0.3865862339347098,-0.1147469918795071,0.3697622876288189,257.0,output_petroleo_lp_modelo4_regimes_brl\B_usd_vs_brl_petroleo_para_ipca\lp_acumulada_petroleo_brl_para_ipca_geral.csv,12,False
18.0,0.0366870941703714,0.1768457777783209,0.2074524743042456,0.8356565052512142,-0.2542242102749665,0.3275983986157095,251.0,output_petroleo_lp_modelo4_regimes_brl\B_usd_vs_brl_petroleo_para_ipca\lp_acumulada_petroleo_brl_para_ipca_geral.csv,18,False
24.0,-0.1653725112872482,0.1824040761592143,-0.9066272792220944,0.3646039310350824,-0.4654272165691557,0.1346821939946594,245.0,output_petroleo_lp_modelo4_regimes_brl\B_usd_vs_brl_petroleo_para_ipca\lp_acumulada_petroleo_brl_para_ipca_geral.csv,24,False
0.0,0.2431375350806309,0.0656131135174676,3.705624105399336,0.0002108708440245,0.1352039633443967,0.3510711068168651,269.0,output_petroleo_lp_modelo4_regimes_brl\B_usd_vs_brl_petroleo_para_ipca\lp_acumulada_petroleo_brl_para_ipca_transporte.csv,0,True
3.0,0.636917332477885,0.177287880477322,3.5925599130807875,0.0003274453360647,0.3452787690926903,0.9285558958630796,266.0,output_petroleo_lp_modelo4_regimes_brl\B_usd_vs_brl_petroleo_para_ipca\lp_acumulada_petroleo_brl_para_ipca_transporte.csv,3,True
6.0,0.5847302211589867,0.2030202951314357,2.880156492632578,0.0039747782421164,0.2507618356677749,0.9186986066501984,263.0,output_petroleo_lp_modelo4_regimes_brl\B_usd_vs_brl_petroleo_para_ipca\lp_acumulada_petroleo_brl_para_ipca_transporte.csv,6,True
12.0,0.6291308038451419,0.3253348453720869,1.9337947127231396,0.0531383731360385,0.0939549832080588,1.1643066244822249,257.0,output_petroleo_lp_modelo4_regimes_brl\B_usd_vs_brl_petroleo_para_ipca\lp_acumulada_petroleo_brl_para_ipca_transporte.csv,12,True
18.0,0.6384564176944273,0.3365437345505054,1.8970979167006703,0.0578150161302285,0.0848419743588458,1.1920708610300088,251.0,output_petroleo_lp_modelo4_regimes_brl\B_usd_vs_brl_petroleo_para_ipca\lp_acumulada_petroleo_brl_para_ipca_transporte.csv,18,True
24.0,0.1840165170970029,0.3528624635498072,0.521496435879836,0.6020209877787546,-0.3964422354424299,0.7644752696364359,245.0,output_petroleo_lp_modelo4_regimes_brl\B_usd_vs_brl_petroleo_para_ipca\lp_acumulada_petroleo_brl_para_ipca_transporte.csv,24,False
0.0,0.0336117073282942,0.0223303494410135,1.5052029264961069,0.1322719130158907,-0.0031217175021729,0.0703451321587614,269.0,output_petroleo_lp_modelo4_regimes_brl\B_usd_vs_brl_petroleo_para_ipca\lp_acumulada_petroleo_usd_para_ipca_geral.csv,0,False
3.0,0.1521524176317071,0.0719413588416918,2.1149505664262054,0.0344341607499657,0.0338088823371239,0.2704959529262902,266.0,output_petroleo_lp_modelo4_regimes_brl\B_usd_vs_brl_petroleo_para_ipca\lp_acumulada_petroleo_usd_para_ipca_geral.csv,3,True
6.0,0.1206916016353629,0.0946668758106079,1.2749084682674066,0.2023416414012271,-0.035035409073087,0.2764186123438129,263.0,output_petroleo_lp_modelo4_regimes_brl\B_usd_vs_brl_petroleo_para_ipca\lp_acumulada_petroleo_usd_para_ipca_geral.csv,6,False
12.0,0.1324473687634704,0.1529724779645825,0.865824823692375,0.3865862339347119,-0.1191923574882679,0.3840870950152087,257.0,output_petroleo_lp_modelo4_regimes_brl\B_usd_vs_brl_petroleo_para_ipca\lp_acumulada_petroleo_usd_para_ipca_geral.csv,12,False
18.0,0.0381083736657071,0.18369688668944,0.2074524743042249,0.8356565052512304,-0.2640730049384216,0.340289752269836,251.0,output_petroleo_lp_modelo4_regimes_brl\B_usd_vs_brl_petroleo_para_ipca\lp_acumulada_petroleo_usd_para_ipca_geral.csv,18,False
24.0,-0.1717791391410127,0.1894705168020039,-0.9066272792221354,0.3646039310350607,-0.4834581392803091,0.1398998609982837,245.0,output_petroleo_lp_modelo4_regimes_brl\B_usd_vs_brl_petroleo_para_ipca\lp_acumulada_petroleo_usd_para_ipca_geral.csv,24,False
0.0,0.2525568254597781,0.0681550039281591,3.705624105399411,0.0002108708440244,0.1404418439979563,0.3646718069215999,269.0,output_petroleo_lp_modelo4_regimes_brl\B_usd_vs_brl_petroleo_para_ipca\lp_acumulada_petroleo_usd_para_ipca_transporte.csv,0,True
3.0,0.661591882625518,0.1841561167056973,3.5925599130808017,0.0003274453360646,0.3586550706446459,0.9645286946063902,266.0,output_petroleo_lp_modelo4_regimes_brl\B_usd_vs_brl_petroleo_para_ipca\lp_acumulada_petroleo_usd_para_ipca_transporte.csv,3,True
6.0,0.6073830120772236,0.210885420160642,2.8801564926325844,0.0039747782421163,0.2604764959129675,0.9542895282414796,263.0,output_petroleo_lp_modelo4_regimes_brl\B_usd_vs_brl_petroleo_para_ipca\lp_acumulada_petroleo_usd_para_ipca_transporte.csv,6,True
12.0,0.6535036993173116,0.337938507649067,1.933794712723132,0.0531383731360394,0.0975948542345963,1.2094125444000268,257.0,output_petroleo_lp_modelo4_regimes_brl\B_usd_vs_brl_petroleo_para_ipca\lp_acumulada_petroleo_usd_para_ipca_transporte.csv,12,True
18.0,0.6631905929039318,0.349581635753046,1.8970979167007147,0.0578150161302227,0.088128802090171,1.2382523837176924,251.0,output_petroleo_lp_modelo4_regimes_brl\B_usd_vs_brl_petroleo_para_ipca\lp_acumulada_petroleo_usd_para_ipca_transporte.csv,18,True
24.0,0.1911454246452311,0.3665325618625669,0.521496435879828,0.6020209877787602,-0.4118006396186913,0.7940914889091537,245.0,output_petroleo_lp_modelo4_regimes_brl\B_usd_vs_brl_petroleo_para_ipca\lp_acumulada_petroleo_usd_para_ipca_transporte.csv,24,False
