modelo,impulso,resposta,h,lags,coef,se,t,pvalor,ci_low,ci_high,significativo_90,nobs,r2,hac_maxlags,bloco
bloco_A_principal_brent_brl_para_dln_diesel,dln_petroleo_brl,dln_diesel,3,3,1.7686070273689514,0.49359497657506585,3.5831139118166893,0.0003395224556070886,0.9567155399044274,2.5804985148334754,True,266,0.36175732061217536,4,A_brent_brl_para_combustiveis
bloco_A_principal_brent_brl_para_dln_diesel,dln_petroleo_brl,dln_diesel,6,3,1.9904518742919308,0.7345728553273725,2.709672512204196,0.006734967066077235,0.7821870489466032,3.1987166996372585,True,263,0.40168194720615724,7,A_brent_brl_para_combustiveis
bloco_A_principal_brent_brl_para_dln_diesel,dln_petroleo_brl,dln_diesel,12,3,1.8476433167727806,0.705540358370315,2.61876346952078,0.008824911403521263,0.6871326993467264,3.008153934198835,True,257,0.5053244877983831,13,A_brent_brl_para_combustiveis
bloco_A_principal_brent_brl_para_dln_diesel,dln_petroleo_brl,dln_diesel,24,3,1.1059036870740466,0.818903993123925,1.350468060187722,0.1768658922044133,-0.241073516140885,2.452880890288978,False,245,0.6077226162493156,25,A_brent_brl_para_combustiveis
bloco_A_principal_brent_brl_para_dln_gasolina,dln_petroleo_brl,dln_gasolina,3,3,1.18891692784381,0.4952276663931218,2.4007481983044614,0.01636159082265909,0.3743399046103699,2.0034939510772505,True,266,0.2665565764281679,4,A_brent_brl_para_combustiveis
bloco_A_principal_brent_brl_para_dln_gasolina,dln_petroleo_brl,dln_gasolina,6,3,0.7197397761807752,0.5007654213754615,1.4372793037583402,0.15063864712187192,-0.10394604342053493,1.5434255957820855,False,263,0.22427164640353314,7,A_brent_brl_para_combustiveis
bloco_A_principal_brent_brl_para_dln_gasolina,dln_petroleo_brl,dln_gasolina,12,3,0.06872108495270646,0.6907685035450117,0.09948497159327772,0.920753219633524,-1.067491993487147,1.2049341633925599,False,257,0.2799177273279134,13,A_brent_brl_para_combustiveis
bloco_A_principal_brent_brl_para_dln_gasolina,dln_petroleo_brl,dln_gasolina,24,3,-0.5465491555906741,0.6476378571712782,-0.8439116854253478,0.3987187578398652,-1.6118186339099305,0.5187203227285824,False,245,0.40219522060129265,25,A_brent_brl_para_combustiveis
bloco_A_principal_brent_brl_para_dln_etanol,dln_petroleo_brl,dln_etanol,3,3,1.5253078385071956,0.687061103737054,2.2200468491241327,0.02641558758983087,0.39519289008802083,2.6554227869263705,True,266,0.3681446884688815,4,A_brent_brl_para_combustiveis
bloco_A_principal_brent_brl_para_dln_etanol,dln_petroleo_brl,dln_etanol,6,3,1.9517125204863426,0.8059286695950368,2.4216938720731194,0.015448358229952275,0.6260778252387715,3.2773472157339136,True,263,0.3186833472965709,7,A_brent_brl_para_combustiveis
bloco_A_principal_brent_brl_para_dln_etanol,dln_petroleo_brl,dln_etanol,12,3,0.6011736146113622,1.0395465011955376,0.578303725634186,0.5630590795299781,-1.1087282182648308,2.3110754474875552,False,257,0.2605576100408161,13,A_brent_brl_para_combustiveis
bloco_A_principal_brent_brl_para_dln_etanol,dln_petroleo_brl,dln_etanol,24,3,-0.8057498442927921,1.159389513036147,-0.6949776888896793,0.4870692838097854,-2.7127758898597993,1.1012762012742154,False,245,0.3103483647940375,25,A_brent_brl_para_combustiveis
bloco_A_principal_brent_brl_para_dln_gasolina_refinaria,dln_petroleo_brl,dln_gasolina_refinaria,3,3,0.15610410378289435,0.057118873459583774,2.7329688827520493,0.006276626189860801,0.062151917605515805,0.2500562899602729,True,266,0.9866467119377591,4,A_brent_brl_para_combustiveis
bloco_A_principal_brent_brl_para_dln_gasolina_refinaria,dln_petroleo_brl,dln_gasolina_refinaria,6,3,0.2231199694377137,0.11636810823939386,1.9173635527245028,0.05519176119779501,0.03171146453866522,0.4145284743367622,True,263,0.9784859451869047,7,A_brent_brl_para_combustiveis
bloco_A_principal_brent_brl_para_dln_gasolina_refinaria,dln_petroleo_brl,dln_gasolina_refinaria,12,3,0.30621456603746905,0.20840145753580352,1.4693494453361065,0.14173803194923318,-0.036575327252270584,0.6490044593272086,False,257,0.9749324835900662,13,A_brent_brl_para_combustiveis
bloco_A_principal_brent_brl_para_dln_gasolina_refinaria,dln_petroleo_brl,dln_gasolina_refinaria,24,3,0.4135336373211107,0.32683168583184297,1.2652801281142505,0.20577092748761872,-0.12405664652206028,0.9511239211642817,False,245,0.965483546243112,25,A_brent_brl_para_combustiveis
bloco_B_principal_dln_diesel_para_ipca_geral_mensal,dln_diesel,ipca_geral_mensal,3,3,0.008101542356940328,0.05270016010485673,0.15372898945317828,0.8778234261993565,-0.07858250713245654,0.0947855918463372,False,266,0.6623629147653054,4,B_combustiveis_para_ipca
bloco_B_principal_dln_diesel_para_ipca_geral_mensal,dln_diesel,ipca_geral_mensal,6,3,-0.05367576927644496,0.11086877391309265,-0.4841378449672412,0.6282880444396597,-0.23603867416305815,0.12868713561016823,False,263,0.6221115499623462,7,B_combustiveis_para_ipca
bloco_B_principal_dln_diesel_para_ipca_geral_mensal,dln_diesel,ipca_geral_mensal,12,3,-0.05555902856943451,0.11503022589883298,-0.48299504008883437,0.6290992579542212,-0.24476691284817712,0.1336488557093081,False,257,0.5372207994280456,13,B_combustiveis_para_ipca
bloco_B_principal_dln_diesel_para_ipca_geral_mensal,dln_diesel,ipca_geral_mensal,24,3,-0.10867145410999246,0.13385427513861078,-0.8118639019744373,0.4168697297161974,-0.3288421440546967,0.11149923583471177,False,245,0.5044482932489612,25,B_combustiveis_para_ipca
bloco_B_principal_dln_diesel_para_ipca_transporte_mensal,dln_diesel,ipca_transporte_mensal,3,3,0.09596101253857367,0.22912253431359375,0.4188196190569124,0.6753479654739554,-0.2809120190434542,0.4728340441206015,False,266,0.4889358138063077,4,B_combustiveis_para_ipca
bloco_B_principal_dln_diesel_para_ipca_transporte_mensal,dln_diesel,ipca_transporte_mensal,6,3,-0.2861003395215797,0.4003012737740844,-0.7147125384443428,0.4747866884320875,-0.9445373415621767,0.37233666251901726,False,263,0.460905464942411,7,B_combustiveis_para_ipca
bloco_B_principal_dln_diesel_para_ipca_transporte_mensal,dln_diesel,ipca_transporte_mensal,12,3,-0.08239182161216285,0.36881994553928127,-0.22339307461176253,0.8232295938116796,-0.6890466467244941,0.5242630035001684,False,257,0.42865238297626806,13,B_combustiveis_para_ipca
bloco_B_principal_dln_diesel_para_ipca_transporte_mensal,dln_diesel,ipca_transporte_mensal,24,3,-0.14637255014341022,0.290379055265076,-0.5040740628134914,0.6142093326692442,-0.6240035923869125,0.33125849210009206,False,245,0.48201904023898134,25,B_combustiveis_para_ipca
bloco_B_principal_dln_gasolina_para_ipca_geral_mensal,dln_gasolina,ipca_geral_mensal,3,3,0.11737970608253989,0.06394647955355219,1.8355929349361582,0.06641788284589079,0.012197107258101414,0.22256230490697837,True,266,0.6691478291093478,4,B_combustiveis_para_ipca
bloco_B_principal_dln_gasolina_para_ipca_geral_mensal,dln_gasolina,ipca_geral_mensal,6,3,0.10674078990297847,0.07855205779223716,1.3588541523036592,0.1741928095163785,-0.02246584726108447,0.23594742706704142,False,263,0.6216689678670104,7,B_combustiveis_para_ipca
bloco_B_principal_dln_gasolina_para_ipca_geral_mensal,dln_gasolina,ipca_geral_mensal,12,3,0.12039924214796449,0.10202131432117961,1.1801381206374992,0.23794528518533564,-0.04741088673958396,0.2882093710355129,False,257,0.5411178483940196,13,B_combustiveis_para_ipca
bloco_B_principal_dln_gasolina_para_ipca_geral_mensal,dln_gasolina,ipca_geral_mensal,24,3,0.0782711319385494,0.23520971950997996,0.3327716733033575,0.7393066421770236,-0.30861442829167957,0.46515669216877836,False,245,0.48836253751057257,25,B_combustiveis_para_ipca
bloco_B_principal_dln_gasolina_para_ipca_transporte_mensal,dln_gasolina,ipca_transporte_mensal,3,3,1.0218323250259798,0.20483941905044134,4.988455492418455,6.086392949633534e-07,0.6849014636582289,1.3587631863937306,True,266,0.5300236429992106,4,B_combustiveis_para_ipca
bloco_B_principal_dln_gasolina_para_ipca_transporte_mensal,dln_gasolina,ipca_transporte_mensal,6,3,1.0969438016999806,0.21768325186158483,5.039174085829436,4.675450686608684e-07,0.7388867153488621,1.4550008880510992,True,263,0.4715142108102225,7,B_combustiveis_para_ipca
bloco_B_principal_dln_gasolina_para_ipca_transporte_mensal,dln_gasolina,ipca_transporte_mensal,12,3,1.0823943421309934,0.16092899361494017,6.725912576827965,1.744959732263851e-11,0.8176897033018087,1.347098980960178,True,257,0.4750319152320954,13,B_combustiveis_para_ipca
bloco_B_principal_dln_gasolina_para_ipca_transporte_mensal,dln_gasolina,ipca_transporte_mensal,24,3,0.9183492851726756,0.30722118311129365,2.9892121235663467,0.0027969787698882698,0.41301540785574187,1.4236831624896094,True,245,0.4770191805946967,25,B_combustiveis_para_ipca
bloco_B_principal_dln_etanol_para_ipca_geral_mensal,dln_etanol,ipca_geral_mensal,3,3,0.03337658371028329,0.05065438395461031,0.65890809648758,0.5099547863763245,-0.04994246345844994,0.11669563087901652,False,266,0.6598621581338022,4,B_combustiveis_para_ipca
bloco_B_principal_dln_etanol_para_ipca_geral_mensal,dln_etanol,ipca_geral_mensal,6,3,0.03797890821484018,0.06627029371499003,0.5730909897302828,0.5665830876420661,-0.07102602476140053,0.14698384119108088,False,263,0.6163431313826178,7,B_combustiveis_para_ipca
bloco_B_principal_dln_etanol_para_ipca_geral_mensal,dln_etanol,ipca_geral_mensal,12,3,0.002720951882909328,0.11607651891766746,0.02344101897851784,0.9812984855722,-0.18820793126271718,0.19364983502853583,False,257,0.535056368577651,13,B_combustiveis_para_ipca
bloco_B_principal_dln_etanol_para_ipca_geral_mensal,dln_etanol,ipca_geral_mensal,24,3,-0.03269782076797667,0.15237488307740793,-0.2145879957877694,0.8300885538938501,-0.2833321998541576,0.21793655831820424,False,245,0.4898189781131711,25,B_combustiveis_para_ipca
bloco_B_principal_dln_etanol_para_ipca_transporte_mensal,dln_etanol,ipca_transporte_mensal,3,3,0.5942772130968484,0.16845054744319032,3.527903127161207,0.0004188654175880657,0.3172007191729558,0.8713537070207411,True,266,0.45822767158186584,4,B_combustiveis_para_ipca
bloco_B_principal_dln_etanol_para_ipca_transporte_mensal,dln_etanol,ipca_transporte_mensal,6,3,0.8196456295743739,0.1894378893651982,4.3267248823399935,1.5134279753192814e-05,0.5080480301699959,1.131243228978752,True,263,0.43816547370646386,7,B_combustiveis_para_ipca
bloco_B_principal_dln_etanol_para_ipca_transporte_mensal,dln_etanol,ipca_transporte_mensal,12,3,0.8228534293906753,0.30266723428203984,2.718673632917599,0.00655442446289678,0.32501013132249107,1.3206967274588595,True,257,0.4363163140424311,13,B_combustiveis_para_ipca
bloco_B_principal_dln_etanol_para_ipca_transporte_mensal,dln_etanol,ipca_transporte_mensal,24,3,0.698969372242475,0.20719832589715356,3.3734315623255586,0.0007423749838502136,0.35815845439226884,1.0397802900926811,True,245,0.4712927854404301,25,B_combustiveis_para_ipca
bloco_B_principal_dln_gasolina_refinaria_para_ipca_geral_mensal,dln_gasolina_refinaria,ipca_geral_mensal,3,3,-0.08420415991549557,0.8021597247859769,-0.1049718121138056,0.9163981757941075,-1.4036394926241043,1.2352311727931133,False,266,0.6777590004831325,4,B_combustiveis_para_ipca
bloco_B_principal_dln_gasolina_refinaria_para_ipca_geral_mensal,dln_gasolina_refinaria,ipca_geral_mensal,6,3,-1.3268493033537057,1.2445002541831809,-1.0661703755332488,0.28634663116942516,-3.37387006018894,0.7201714534815287,False,263,0.6523761815794691,7,B_combustiveis_para_ipca
bloco_B_principal_dln_gasolina_refinaria_para_ipca_geral_mensal,dln_gasolina_refinaria,ipca_geral_mensal,12,3,-1.5675580087479393,1.5615230284220247,-1.003864803922881,0.31544378328962197,-4.136034825616154,1.0009188081202751,False,257,0.5791964403762737,13,B_combustiveis_para_ipca
bloco_B_principal_dln_gasolina_refinaria_para_ipca_geral_mensal,dln_gasolina_refinaria,ipca_geral_mensal,24,3,0.32013128453111417,2.0694120416771544,0.1546967341852635,0.8770604047430539,-3.083748617878604,3.7240111869408326,False,245,0.5668514291931466,25,B_combustiveis_para_ipca
bloco_B_principal_dln_gasolina_refinaria_para_ipca_transporte_mensal,dln_gasolina_refinaria,ipca_transporte_mensal,3,3,3.783307431086465,4.278218129888019,0.8843184980812308,0.3765243053761602,-3.2537351767493883,10.820350038922317,False,266,0.4729553622880306,4,B_combustiveis_para_ipca
bloco_B_principal_dln_gasolina_refinaria_para_ipca_transporte_mensal,dln_gasolina_refinaria,ipca_transporte_mensal,6,3,-0.9632492529572692,5.668544913150535,-0.16992883847892146,0.8650661011147853,-10.287175912890245,8.360677406975707,False,263,0.4858347957470871,7,B_combustiveis_para_ipca
bloco_B_principal_dln_gasolina_refinaria_para_ipca_transporte_mensal,dln_gasolina_refinaria,ipca_transporte_mensal,12,3,-0.6765172446543959,6.353278783192197,-0.1064831668404264,0.9151990103869543,-11.126730894221918,9.773696404913125,False,257,0.45994018410600845,13,B_combustiveis_para_ipca
bloco_B_principal_dln_gasolina_refinaria_para_ipca_transporte_mensal,dln_gasolina_refinaria,ipca_transporte_mensal,24,3,5.383398729102138,6.693203479474252,0.8043082427736086,0.42121897841508416,-5.625941290035298,16.392738748239573,False,245,0.4709266232615176,25,B_combustiveis_para_ipca
bloco_C_complementar_brent_brl_para_ipca_geral_mensal,dln_petroleo_brl,ipca_geral_mensal,3,3,0.05093003321177497,0.05181065304295943,0.9830031126908537,0.3256059066929009,-0.03429090736066118,0.13615097378421112,False,266,0.6603269112770036,4,C_brent_brl_para_ipca_complementar
bloco_C_complementar_brent_brl_para_ipca_geral_mensal,dln_petroleo_brl,ipca_geral_mensal,6,3,0.005733132343808123,0.06534495958852134,0.08773641272272237,0.9300861780354981,-0.10174976143836857,0.11321602612598482,False,263,0.6144811706316657,7,C_brent_brl_para_ipca_complementar
bloco_C_complementar_brent_brl_para_ipca_geral_mensal,dln_petroleo_brl,ipca_geral_mensal,12,3,-0.0212054082434997,0.0875251792955958,-0.24227780410347288,0.8085649112754203,-0.16517151685743836,0.12276070037043896,False,257,0.5353441776999267,13,C_brent_brl_para_ipca_complementar
bloco_C_complementar_brent_brl_para_ipca_geral_mensal,dln_petroleo_brl,ipca_geral_mensal,24,3,-0.21353218985394684,0.12430368130925996,-1.7178267578632027,0.08582821933951568,-0.417993550898903,-0.009070828808990655,True,245,0.4988828205116609,25,C_brent_brl_para_ipca_complementar
bloco_C_complementar_brent_brl_para_ipca_transporte_mensal,dln_petroleo_brl,ipca_transporte_mensal,3,3,0.40538062818882226,0.15233593976212917,2.661096447902048,0.007788664326589867,0.15481030515602312,0.6559509512216214,True,266,0.4350137116247885,4,C_brent_brl_para_ipca_complementar
bloco_C_complementar_brent_brl_para_ipca_transporte_mensal,dln_petroleo_brl,ipca_transporte_mensal,6,3,0.2796153991409482,0.17455896285463768,1.6018392557350107,0.10919115984527639,-0.0075085440273899295,0.5667393423092864,False,263,0.39887049800130403,7,C_brent_brl_para_ipca_complementar
bloco_C_complementar_brent_brl_para_ipca_transporte_mensal,dln_petroleo_brl,ipca_transporte_mensal,12,3,0.2043641592876477,0.24067976786327955,0.8491123333795915,0.39581878821910665,-0.19151882981610605,0.6002471483914015,False,257,0.4162964001903636,13,C_brent_brl_para_ipca_complementar
bloco_C_complementar_brent_brl_para_ipca_transporte_mensal,dln_petroleo_brl,ipca_transporte_mensal,24,3,-0.14539466411062824,0.249854795548513,-0.5819166439909204,0.56062282890574,-0.5563692307798185,0.26557990255856195,False,245,0.46494815462174344,25,C_brent_brl_para_ipca_complementar
