modelo,impulso,resposta,h,lags,coef,se,t,pvalor,ci_low,ci_high,significativo_90,nobs,r2,hac_maxlags
bloco_A_principal_brent_brl_para_dln_diesel,dln_petroleo_brl,dln_diesel,0,3,0.6931794714654566,0.16800245791352683,4.126007917230863,3.6911456551713684e-05,0.4168400192296299,0.9695189237012832,True,269,0.4722670778932022,3
bloco_A_principal_brent_brl_para_dln_diesel,dln_petroleo_brl,dln_diesel,1,3,1.411261369771299,0.31124963226517854,4.534178432599504,5.782812873889043e-06,0.8993012832526082,1.9232214562899899,True,268,0.43773237852348024,3
bloco_A_principal_brent_brl_para_dln_diesel,dln_petroleo_brl,dln_diesel,2,3,1.8204846509723975,0.4310453600061633,4.223417811402419,2.4062514432765525e-05,1.1114781271856566,2.5294911747591384,True,267,0.39429124228690526,3
bloco_A_principal_brent_brl_para_dln_diesel,dln_petroleo_brl,dln_diesel,3,3,1.7686070273689514,0.49359497657506585,3.5831139118166893,0.0003395224556070886,0.9567155399044274,2.5804985148334754,True,266,0.36175732061217536,4
bloco_A_principal_brent_brl_para_dln_diesel,dln_petroleo_brl,dln_diesel,4,3,1.8905686588941801,0.5382897901880364,3.5121763283560763,0.0004444530123335344,1.0051607451524416,2.7759765726359187,True,265,0.36797019851617296,5
bloco_A_principal_brent_brl_para_dln_diesel,dln_petroleo_brl,dln_diesel,5,3,1.8797135049250735,0.6455286410026663,2.9118979167297856,0.003592400187292011,0.817913378470783,2.941513631379364,True,264,0.3795715365622905,6
bloco_A_principal_brent_brl_para_dln_diesel,dln_petroleo_brl,dln_diesel,6,3,1.9904518742919308,0.7345728553273725,2.709672512204196,0.006734967066077235,0.7821870489466032,3.1987166996372585,True,263,0.40168194720615724,7
bloco_A_principal_brent_brl_para_dln_diesel,dln_petroleo_brl,dln_diesel,7,3,2.014094009112782,0.7245485408910152,2.779791684675737,0.005439377924302491,0.8223177137257989,3.2058703044997654,True,262,0.4308755695025077,8
bloco_A_principal_brent_brl_para_dln_diesel,dln_petroleo_brl,dln_diesel,8,3,2.1070737265032444,0.6633738950889797,3.1762988295169774,0.00149167207124834,1.0159207691412107,3.198226683865278,True,261,0.4583601541243886,9
bloco_A_principal_brent_brl_para_dln_diesel,dln_petroleo_brl,dln_diesel,9,3,2.110022815346133,0.6852623453293215,3.0791460084270414,0.0020759491352122517,0.9828665612179264,3.23717906947434,True,260,0.47466020436821255,10
bloco_A_principal_brent_brl_para_dln_diesel,dln_petroleo_brl,dln_diesel,10,3,2.276607804685339,0.7745613709485927,2.939221977849495,0.0032903732459255153,1.0025677243840418,3.5506478849866365,True,259,0.48895227162523314,11
bloco_A_principal_brent_brl_para_dln_diesel,dln_petroleo_brl,dln_diesel,11,3,2.029541140936642,0.7719617603827105,2.6290695279134932,0.008561885376272338,0.7597770395032974,3.2993052423699867,True,258,0.4959396036235416,12
bloco_A_principal_brent_brl_para_dln_diesel,dln_petroleo_brl,dln_diesel,12,3,1.8476433167727806,0.705540358370315,2.61876346952078,0.008824911403521263,0.6871326993467264,3.008153934198835,True,257,0.5053244877983831,13
bloco_A_principal_brent_brl_para_dln_diesel,dln_petroleo_brl,dln_diesel,13,3,1.5660722508532572,0.665308031279335,2.353905525297543,0.018577331959524157,0.47173792256349945,2.660406579143015,True,256,0.5173866949345625,14
bloco_A_principal_brent_brl_para_dln_diesel,dln_petroleo_brl,dln_diesel,14,3,1.5726862692890784,0.6708673266028797,2.344258256327381,0.01906496514273015,0.4692077139230939,2.676164824655063,True,255,0.5381514731412887,15
bloco_A_principal_brent_brl_para_dln_diesel,dln_petroleo_brl,dln_diesel,15,3,1.8441639513802948,0.7134525307187726,2.584844642042799,0.009742288422025958,0.6706389685698151,3.017688934190774,True,254,0.5612397761079955,16
bloco_A_principal_brent_brl_para_dln_diesel,dln_petroleo_brl,dln_diesel,16,3,2.1450021413470757,0.6973298308476379,3.076022344748571,0.0020978212331406176,0.9979966398958819,3.2920076427982696,True,253,0.5739650845860724,17
bloco_A_principal_brent_brl_para_dln_diesel,dln_petroleo_brl,dln_diesel,17,3,2.486881824647088,0.6605598595730137,3.764809182099878,0.00016667631652067527,1.4003575438098612,3.5734061054843145,True,252,0.573882206130823,18
bloco_A_principal_brent_brl_para_dln_diesel,dln_petroleo_brl,dln_diesel,18,3,2.4431164248257558,0.6918371776073299,3.5313459639088807,0.0004134505921857823,1.3051455339784694,3.581087315673042,True,251,0.5664284484642955,19
bloco_A_principal_brent_brl_para_dln_diesel,dln_petroleo_brl,dln_diesel,19,3,1.9659616664162547,0.691223372268874,2.844177071101018,0.004452629544270614,0.8290003955061696,3.1029229373263396,True,250,0.563990179627067,20
bloco_A_principal_brent_brl_para_dln_diesel,dln_petroleo_brl,dln_diesel,20,3,1.5360070238542107,0.7145919703226242,2.149488222153873,0.03159571873022449,0.36060782967864347,2.711406218029778,True,249,0.564260012999154,21
bloco_A_principal_brent_brl_para_dln_diesel,dln_petroleo_brl,dln_diesel,21,3,1.1172621841073131,0.7952795286818904,1.4048672747292794,0.16006074945041737,-0.1908562330853516,2.425380601299978,False,248,0.5747750202403704,22
bloco_A_principal_brent_brl_para_dln_diesel,dln_petroleo_brl,dln_diesel,22,3,1.1331784769446396,0.7898448587056237,1.434684880777298,0.15137691450995328,-0.16600070362627872,2.432357657515558,False,247,0.5912013075523631,23
bloco_A_principal_brent_brl_para_dln_diesel,dln_petroleo_brl,dln_diesel,23,3,1.350039109091234,0.8187646447790727,1.6488732356726457,0.09917360731745517,0.0032911135067423825,2.6967871046757255,True,246,0.6023441851895993,24
bloco_A_principal_brent_brl_para_dln_diesel,dln_petroleo_brl,dln_diesel,24,3,1.1059036870740466,0.818903993123925,1.350468060187722,0.1768658922044133,-0.241073516140885,2.452880890288978,False,245,0.6077226162493156,25
bloco_A_principal_brent_brl_para_dln_gasolina,dln_petroleo_brl,dln_gasolina,0,3,0.646906212098803,0.16577152339659515,3.902396496358011,9.524497045942937e-05,0.37423632059464257,0.9195761036029633,True,269,0.4759592237059693,3
bloco_A_principal_brent_brl_para_dln_gasolina,dln_petroleo_brl,dln_gasolina,1,3,1.2861013120731009,0.2859229505641514,4.49806953074424,6.857327280895831e-06,0.8157999098089899,1.7564027143372118,True,268,0.4203609310690182,3
bloco_A_principal_brent_brl_para_dln_gasolina,dln_petroleo_brl,dln_gasolina,2,3,1.2777522546239781,0.4492478137800686,2.8442036119724063,0.0044522586413204834,0.5388053587278127,2.0166991505201435,True,267,0.3323010629571177,3
bloco_A_principal_brent_brl_para_dln_gasolina,dln_petroleo_brl,dln_gasolina,3,3,1.18891692784381,0.4952276663931218,2.4007481983044614,0.01636159082265909,0.3743399046103699,2.0034939510772505,True,266,0.2665565764281679,4
bloco_A_principal_brent_brl_para_dln_gasolina,dln_petroleo_brl,dln_gasolina,4,3,0.9782084113470919,0.5124194612860874,1.9089993359970208,0.056262177323759266,0.13535340193015155,1.8210634207640322,True,265,0.23681001586680184,5
bloco_A_principal_brent_brl_para_dln_gasolina,dln_petroleo_brl,dln_gasolina,5,3,0.8332101074183359,0.5055717715441898,1.6480550424590088,0.09934137668056553,0.001618545309594266,1.6648016695270775,True,264,0.22644914235366265,6
bloco_A_principal_brent_brl_para_dln_gasolina,dln_petroleo_brl,dln_gasolina,6,3,0.7197397761807752,0.5007654213754615,1.4372793037583402,0.15063864712187192,-0.10394604342053493,1.5434255957820855,False,263,0.22427164640353314,7
bloco_A_principal_brent_brl_para_dln_gasolina,dln_petroleo_brl,dln_gasolina,7,3,0.498612208798699,0.5682949571405134,0.8773827790194784,0.3802787636571332,-0.4361498126321059,1.4333742302295038,False,262,0.23883926796621002,8
bloco_A_principal_brent_brl_para_dln_gasolina,dln_petroleo_brl,dln_gasolina,8,3,0.6913711134899496,0.5656253775830737,1.2223127548558543,0.2215893776733706,-0.2389998403233652,1.6217420673032645,False,261,0.2603109736945367,9
bloco_A_principal_brent_brl_para_dln_gasolina,dln_petroleo_brl,dln_gasolina,9,3,0.7037653093647889,0.5993851672778904,1.1741453539148146,0.24033680982090067,-0.28213555697316395,1.6896661757027416,False,260,0.2730286083571709,10
bloco_A_principal_brent_brl_para_dln_gasolina,dln_petroleo_brl,dln_gasolina,10,3,0.6523701073776376,0.6304510475917704,1.0347672668157104,0.3007776130941724,-0.3846295848690411,1.6893697996243162,False,259,0.2757088924010038,11
bloco_A_principal_brent_brl_para_dln_gasolina,dln_petroleo_brl,dln_gasolina,11,3,0.2870207158003957,0.6847197448817184,0.41917984393743013,0.6750847016242936,-0.8392430400135855,1.4132844716143769,False,258,0.27615446602505445,12
bloco_A_principal_brent_brl_para_dln_gasolina,dln_petroleo_brl,dln_gasolina,12,3,0.06872108495270646,0.6907685035450117,0.09948497159327772,0.920753219633524,-1.067491993487147,1.2049341633925599,False,257,0.2799177273279134,13
bloco_A_principal_brent_brl_para_dln_gasolina,dln_petroleo_brl,dln_gasolina,13,3,-0.29862543366554256,0.6259537620477462,-0.47707267177150403,0.6333103739460539,-1.3282277494736967,0.7309768821426117,False,256,0.2907217447404108,14
bloco_A_principal_brent_brl_para_dln_gasolina,dln_petroleo_brl,dln_gasolina,14,3,-0.3245516238135113,0.591171071886802,-0.5489978100208137,0.5830069527324073,-1.296941505555307,0.6478382579282844,False,255,0.31138806033813415,15
bloco_A_principal_brent_brl_para_dln_gasolina,dln_petroleo_brl,dln_gasolina,15,3,-0.09000667661322684,0.6255332071178394,-0.14388792727397312,0.8855889691198504,-1.1189172411195916,0.938903887893138,False,254,0.3315450859502068,16
bloco_A_principal_brent_brl_para_dln_gasolina,dln_petroleo_brl,dln_gasolina,16,3,0.14471428114838397,0.6753587173589548,0.21427765338441315,0.8303305433463004,-0.966151954592787,1.2555805168895549,False,253,0.3361271085534102,17
bloco_A_principal_brent_brl_para_dln_gasolina,dln_petroleo_brl,dln_gasolina,17,3,0.48120473809001785,0.7088870824342973,0.6788171910786905,0.49725369983361567,-0.6848107505510833,1.6472202267311191,False,252,0.32262666180381083,18
bloco_A_principal_brent_brl_para_dln_gasolina,dln_petroleo_brl,dln_gasolina,18,3,0.3896424408413277,0.757465549008196,0.514402854824902,0.6069703637092887,-0.8562775147355914,1.6355623964182469,False,251,0.3099759113338213,19
bloco_A_principal_brent_brl_para_dln_gasolina,dln_petroleo_brl,dln_gasolina,19,3,-0.31475874203897836,0.8671743729068839,-0.36297053034889065,0.7166268985892243,-1.7411336545142349,1.1116161704362781,False,250,0.3031731978371587,20
bloco_A_principal_brent_brl_para_dln_gasolina,dln_petroleo_brl,dln_gasolina,20,3,-0.6823319401872127,0.9735247286086476,-0.7008881440149909,0.4833728239732382,-2.2836376209660942,0.918973740591669,False,249,0.31217546277820396,21
bloco_A_principal_brent_brl_para_dln_gasolina,dln_petroleo_brl,dln_gasolina,21,3,-0.8117627551048127,0.9751391565246729,-0.8324583724007943,0.40515026551242084,-2.41572393349682,0.7921984232871949,False,248,0.33114751108205853,22
bloco_A_principal_brent_brl_para_dln_gasolina,dln_petroleo_brl,dln_gasolina,22,3,-0.5580759674690157,0.7889685692911659,-0.7073487958720696,0.47934974879479997,-1.8558137802183037,0.7396618452802723,False,247,0.3526139465073166,23
bloco_A_principal_brent_brl_para_dln_gasolina,dln_petroleo_brl,dln_gasolina,23,3,-0.4528707291821409,0.695410230500479,-0.651228166223863,0.5148992108998911,-1.596718769040013,0.6909773106757312,False,246,0.38253090980523896,24
bloco_A_principal_brent_brl_para_dln_gasolina,dln_petroleo_brl,dln_gasolina,24,3,-0.5465491555906741,0.6476378571712782,-0.8439116854253478,0.3987187578398652,-1.6118186339099305,0.5187203227285824,False,245,0.40219522060129265,25
bloco_A_principal_brent_brl_para_dln_etanol,dln_petroleo_brl,dln_etanol,0,3,0.38057450438116514,0.27189557129223646,1.3997083607225045,0.1616006691173053,-0.0666539122109126,0.8278029209732429,False,269,0.4134229963063273,3
bloco_A_principal_brent_brl_para_dln_etanol,dln_petroleo_brl,dln_etanol,1,3,1.4673835587037023,0.47195008392626664,3.1091922825740053,0.0018759958595173654,0.691094751417531,2.2436723659898736,True,268,0.40848500471917837,3
bloco_A_principal_brent_brl_para_dln_etanol,dln_petroleo_brl,dln_etanol,2,3,1.5965395696271174,0.5938521878280678,2.688446051645006,0.007178543420221173,0.6197396446050532,2.573339494649182,True,267,0.39311597638485984,3
bloco_A_principal_brent_brl_para_dln_etanol,dln_petroleo_brl,dln_etanol,3,3,1.5253078385071956,0.687061103737054,2.2200468491241327,0.02641558758983087,0.39519289008802083,2.6554227869263705,True,266,0.3681446884688815,4
bloco_A_principal_brent_brl_para_dln_etanol,dln_petroleo_brl,dln_etanol,4,3,1.3174898141294296,0.7957126410874835,1.6557356840892263,0.09777535750831579,0.008658990425547186,2.626320637833312,True,265,0.3423102772822184,5
bloco_A_principal_brent_brl_para_dln_etanol,dln_petroleo_brl,dln_etanol,5,3,1.419775207959728,0.8284106256629188,1.7138544146794128,0.0865554668607813,0.0571609857329376,2.782389430186518,True,264,0.33518931799032825,6
bloco_A_principal_brent_brl_para_dln_etanol,dln_petroleo_brl,dln_etanol,6,3,1.9517125204863426,0.8059286695950368,2.4216938720731194,0.015448358229952275,0.6260778252387715,3.2773472157339136,True,263,0.3186833472965709,7
bloco_A_principal_brent_brl_para_dln_etanol,dln_petroleo_brl,dln_etanol,7,3,2.066782807778682,0.864957617488009,2.3894613631833055,0.01687309851562424,0.6440541334942262,3.489511482063138,True,262,0.29649972415692105,8
bloco_A_principal_brent_brl_para_dln_etanol,dln_petroleo_brl,dln_etanol,8,3,2.0667139562013115,0.8603807260065013,2.402092345552723,0.016301592631177808,0.651513598470377,3.481914313932246,True,261,0.27371380955821845,9
bloco_A_principal_brent_brl_para_dln_etanol,dln_petroleo_brl,dln_etanol,9,3,2.0689286357662136,0.9776603800963006,2.1162038248521657,0.034327476064524465,0.4608204136380585,3.6770368578943686,True,260,0.26644059347131976,10
bloco_A_principal_brent_brl_para_dln_etanol,dln_petroleo_brl,dln_etanol,10,3,1.9106597976221944,0.9481031885471499,2.0152445648348074,0.0438790301795462,0.35116882921615944,3.4701507660282296,True,259,0.252656223225986,11
bloco_A_principal_brent_brl_para_dln_etanol,dln_petroleo_brl,dln_etanol,11,3,0.7756866160367955,0.9336119498585989,0.8308447810187926,0.4060613212581208,-0.7599683858533568,2.3113416179269475,False,258,0.2467246482738733,12
bloco_A_principal_brent_brl_para_dln_etanol,dln_petroleo_brl,dln_etanol,12,3,0.6011736146113622,1.0395465011955376,0.578303725634186,0.5630590795299781,-1.1087282182648308,2.3110754474875552,False,257,0.2605576100408161,13
bloco_A_principal_brent_brl_para_dln_etanol,dln_petroleo_brl,dln_etanol,13,3,-0.11856729371812083,1.0532612575547964,-0.11257158930670372,0.9103702102908007,-1.8510278933345963,1.6138933058983547,False,256,0.2835469523808847,14
bloco_A_principal_brent_brl_para_dln_etanol,dln_petroleo_brl,dln_etanol,14,3,-0.6874037332118075,1.0577931284762654,-0.6498470397534175,0.5157910303868007,-2.4273185971503373,1.0525111307267223,False,255,0.32054906535916927,15
bloco_A_principal_brent_brl_para_dln_etanol,dln_petroleo_brl,dln_etanol,15,3,-0.7159544226517094,1.0491763111624988,-0.6823966715931893,0.4949881598236776,-2.4416958833789115,1.009787038075493,False,254,0.350111788813681,16
bloco_A_principal_brent_brl_para_dln_etanol,dln_petroleo_brl,dln_etanol,16,3,0.012143239689278412,0.9150066085431938,0.013271204356230809,0.9894114217604684,-1.4929086990575597,1.5171951784361166,False,253,0.3698952510612111,17
bloco_A_principal_brent_brl_para_dln_etanol,dln_petroleo_brl,dln_etanol,17,3,0.9242127536889141,0.9906781524693928,0.9329091909266343,0.3508668565362121,-0.7053077985419504,2.5537333059197787,False,252,0.36805773631948424,18
bloco_A_principal_brent_brl_para_dln_etanol,dln_petroleo_brl,dln_etanol,18,3,0.8468593399825026,1.0150049017111002,0.8343401480671305,0.40408933403634983,-0.8226751539705233,2.5163938339355285,False,251,0.3477384548356852,19
bloco_A_principal_brent_brl_para_dln_etanol,dln_petroleo_brl,dln_etanol,19,3,0.00591225585993066,1.2029850961359903,0.004914654287007322,0.9960786890084974,-1.9728221426879182,1.9846466544077797,False,250,0.32586941023989235,20
bloco_A_principal_brent_brl_para_dln_etanol,dln_petroleo_brl,dln_etanol,20,3,-0.1048914804872616,1.3628083051981035,-0.07696715677999492,0.9386496725303242,-2.346511664131951,2.136728703157428,False,249,0.30656432761033214,21
bloco_A_principal_brent_brl_para_dln_etanol,dln_petroleo_brl,dln_etanol,21,3,-0.3346798646783076,1.3508531076154888,-0.24775444701687874,0.8043244021959408,-2.556635498218312,1.8872757688616968,False,248,0.29034659530647644,22
bloco_A_principal_brent_brl_para_dln_etanol,dln_petroleo_brl,dln_etanol,22,3,-0.20473464736667385,1.3003137435524974,-0.15745019106491365,0.8748900599501119,-2.3435604246238455,1.934091129890498,False,247,0.28587549951175817,23
bloco_A_principal_brent_brl_para_dln_etanol,dln_petroleo_brl,dln_etanol,23,3,-0.26661510362571195,1.2170464648346202,-0.21906731692609718,0.8265976097160128,-2.268478395477404,1.7352481882259805,False,246,0.2898563248261752,24
bloco_A_principal_brent_brl_para_dln_etanol,dln_petroleo_brl,dln_etanol,24,3,-0.8057498442927921,1.159389513036147,-0.6949776888896793,0.4870692838097854,-2.7127758898597993,1.1012762012742154,False,245,0.3103483647940375,25
bloco_A_principal_brent_brl_para_dln_gasolina_refinaria,dln_petroleo_brl,dln_gasolina_refinaria,0,3,0.023729920728208856,0.008329468958884971,2.848911598727595,0.004386906790454281,0.010029163500607209,0.0374306779558105,True,269,0.9969047858952867,3
bloco_A_principal_brent_brl_para_dln_gasolina_refinaria,dln_petroleo_brl,dln_gasolina_refinaria,1,3,0.06945345996959548,0.02346158910011835,2.9603050191193203,0.0030733459386547146,0.03086258004422069,0.10804433989497028,True,268,0.9936099174299224,3
bloco_A_principal_brent_brl_para_dln_gasolina_refinaria,dln_petroleo_brl,dln_gasolina_refinaria,2,3,0.1151166565924731,0.03937742348872768,2.9234176945433417,0.003462117409858134,0.05034655874703528,0.1798867544379109,True,267,0.9901615835934899,3
bloco_A_principal_brent_brl_para_dln_gasolina_refinaria,dln_petroleo_brl,dln_gasolina_refinaria,3,3,0.15610410378289435,0.057118873459583774,2.7329688827520493,0.006276626189860801,0.062151917605515805,0.2500562899602729,True,266,0.9866467119377591,4
bloco_A_principal_brent_brl_para_dln_gasolina_refinaria,dln_petroleo_brl,dln_gasolina_refinaria,4,3,0.1886898371202444,0.07650243466563815,2.4664553219114262,0.013645775069313304,0.06285452998985144,0.3145251442506374,True,265,0.9834259578295741,5
bloco_A_principal_brent_brl_para_dln_gasolina_refinaria,dln_petroleo_brl,dln_gasolina_refinaria,5,3,0.20690253190354038,0.09731459704485304,2.126120214094679,0.03349325121071023,0.04683426399899285,0.3669707998080879,True,264,0.9806348878361745,6
bloco_A_principal_brent_brl_para_dln_gasolina_refinaria,dln_petroleo_brl,dln_gasolina_refinaria,6,3,0.2231199694377137,0.11636810823939386,1.9173635527245028,0.05519176119779501,0.03171146453866522,0.4145284743367622,True,263,0.9784859451869047,7
bloco_A_principal_brent_brl_para_dln_gasolina_refinaria,dln_petroleo_brl,dln_gasolina_refinaria,7,3,0.22820951759969932,0.13331518770254489,1.7118043452699798,0.08693273103648469,0.008925547579452048,0.44749348761994656,True,262,0.9770578717101912,8
bloco_A_principal_brent_brl_para_dln_gasolina_refinaria,dln_petroleo_brl,dln_gasolina_refinaria,8,3,0.2344507323827875,0.1500071019697636,1.5629308832994113,0.11806885265100076,-0.012288993360657502,0.4811904581262325,False,261,0.9760196038047303,9
bloco_A_principal_brent_brl_para_dln_gasolina_refinaria,dln_petroleo_brl,dln_gasolina_refinaria,9,3,0.2527994386191893,0.16542647309059588,1.5281679763597666,0.12647083752148713,-0.01930289563766746,0.5249017728760461,False,260,0.975229694159009,10
bloco_A_principal_brent_brl_para_dln_gasolina_refinaria,dln_petroleo_brl,dln_gasolina_refinaria,10,3,0.2792617549013859,0.17991317445518215,1.552202920920348,0.12061367742736007,-0.01666908263757344,0.5751925924403452,False,259,0.9748380293978005,11
bloco_A_principal_brent_brl_para_dln_gasolina_refinaria,dln_petroleo_brl,dln_gasolina_refinaria,11,3,0.2955477839368776,0.19487752429204847,1.5165821970006252,0.1293722030356932,-0.024997218706221958,0.6160927865799771,False,258,0.9747513810464161,12
bloco_A_principal_brent_brl_para_dln_gasolina_refinaria,dln_petroleo_brl,dln_gasolina_refinaria,12,3,0.30621456603746905,0.20840145753580352,1.4693494453361065,0.14173803194923318,-0.036575327252270584,0.6490044593272086,False,257,0.9749324835900662,13
bloco_A_principal_brent_brl_para_dln_gasolina_refinaria,dln_petroleo_brl,dln_gasolina_refinaria,13,3,0.2911371972234486,0.22068669356064846,1.3192331287678618,0.18709118602536057,-0.07186011109971213,0.6541345055466093,False,256,0.975073885071807,14
bloco_A_principal_brent_brl_para_dln_gasolina_refinaria,dln_petroleo_brl,dln_gasolina_refinaria,14,3,0.27294642409105613,0.23277295850311722,1.1725864801748478,0.24096167366452903,-0.10993102095902074,0.655823869141133,False,255,0.9752530442797696,15
bloco_A_principal_brent_brl_para_dln_gasolina_refinaria,dln_petroleo_brl,dln_gasolina_refinaria,15,3,0.2872361144291206,0.24542116396793445,1.1703803770837364,0.24184792886161288,-0.11644577725418831,0.6909180061124296,False,254,0.9752324239213812,16
bloco_A_principal_brent_brl_para_dln_gasolina_refinaria,dln_petroleo_brl,dln_gasolina_refinaria,16,3,0.3178440844704649,0.25819357909434926,1.2310301657591498,0.21831158218640945,-0.10684656055845726,0.7425347294993871,False,253,0.9749042161655591,17
bloco_A_principal_brent_brl_para_dln_gasolina_refinaria,dln_petroleo_brl,dln_gasolina_refinaria,17,3,0.33809592006263944,0.27653951289000844,1.222595341003275,0.2214825736978221,-0.11677110070988433,0.7929629408351633,False,252,0.974233357910685,18
bloco_A_principal_brent_brl_para_dln_gasolina_refinaria,dln_petroleo_brl,dln_gasolina_refinaria,18,3,0.39228493133708603,0.2911206359179273,1.347499568693162,0.17781939224824006,-0.08656590253293572,0.8711357652071078,False,251,0.9734106241093566,19
bloco_A_principal_brent_brl_para_dln_gasolina_refinaria,dln_petroleo_brl,dln_gasolina_refinaria,19,3,0.42157793606333677,0.30367378485059005,1.3882592343977156,0.16505812079520976,-0.0779209903582373,0.9210768624849108,False,250,0.9723663817427944,20
bloco_A_principal_brent_brl_para_dln_gasolina_refinaria,dln_petroleo_brl,dln_gasolina_refinaria,20,3,0.4335253976931817,0.3111840466109454,1.393147889214232,0.16357507409049288,-0.07832681002426783,0.9453776054106313,False,249,0.9712342486130557,21
bloco_A_principal_brent_brl_para_dln_gasolina_refinaria,dln_petroleo_brl,dln_gasolina_refinaria,21,3,0.44007736938747155,0.3110321968399959,1.4148932935514078,0.15709978461596186,-0.07152506768347988,0.951679806458423,False,248,0.9700240495646832,22
bloco_A_principal_brent_brl_para_dln_gasolina_refinaria,dln_petroleo_brl,dln_gasolina_refinaria,22,3,0.43579602599320055,0.31341211927077783,1.3904887501069703,0.16438051312360558,-0.07972103511988571,0.9513130871062868,False,247,0.9686309791838859,23
bloco_A_principal_brent_brl_para_dln_gasolina_refinaria,dln_petroleo_brl,dln_gasolina_refinaria,23,3,0.41880234208979816,0.32257435215501407,1.2983125883751025,0.19417994240117498,-0.11178525101389813,0.9493899351934945,False,246,0.9671206344457283,24
bloco_A_principal_brent_brl_para_dln_gasolina_refinaria,dln_petroleo_brl,dln_gasolina_refinaria,24,3,0.4135336373211107,0.32683168583184297,1.2652801281142505,0.20577092748761872,-0.12405664652206028,0.9511239211642817,False,245,0.965483546243112,25
